[debug] [2026-07-18T22:31:41.054Z] ----------------------------------------------------------------------
[debug] [2026-07-18T22:31:41.078Z] Command:       C:\Program Files\nodejs\node.exe C:\Users\crash\AppData\Roaming\npm\node_modules\firebase-tools\lib\bin\firebase.js login:list
[debug] [2026-07-18T22:31:41.081Z] CLI Version:   15.24.0
[debug] [2026-07-18T22:31:41.082Z] Platform:      win32
[debug] [2026-07-18T22:31:41.084Z] Node Version:  v22.16.0
[debug] [2026-07-18T22:31:41.087Z] Detected Agent: codex_cli
[debug] [2026-07-18T22:31:41.094Z] Time:          Sun Jul 19 2026 05:31:41 GMT+0700 (Waktu Indonesia Barat)
[debug] [2026-07-18T22:31:41.096Z] ----------------------------------------------------------------------
[debug] 
[debug] [2026-07-18T22:31:41.232Z] >>> [apiv2][query] GET https://firebase-public.firebaseio.com/cli.json [none]
[info] Logged in as crashyvjaya@gmail.com
[debug] [2026-07-20T18:11:46.712Z] ----------------------------------------------------------------------
[debug] [2026-07-20T18:11:46.727Z] Command:       C:\Program Files\nodejs\node.exe C:\Users\crash\AppData\Roaming\npm\node_modules\firebase-tools\lib\bin\firebase.js deploy --only hosting
[debug] [2026-07-20T18:11:46.729Z] CLI Version:   15.24.0
[debug] [2026-07-20T18:11:46.730Z] Platform:      win32
[debug] [2026-07-20T18:11:46.730Z] Node Version:  v22.16.0
[debug] [2026-07-20T18:11:46.730Z] Detected Agent: codex_cli
[debug] [2026-07-20T18:11:46.731Z] Time:          Tue Jul 21 2026 01:11:46 GMT+0700 (Waktu Indonesia Barat)
[debug] [2026-07-20T18:11:46.731Z] ----------------------------------------------------------------------
[debug] 
[debug] [2026-07-20T18:11:55.598Z] Error: EPIPE: broken pipe, write
    at Socket._write (node:internal/net:63:18)
    at writeOrBuffer (node:internal/streams/writable:572:12)
    at _write (node:internal/streams/writable:501:10)
    at Writable.write (node:internal/streams/writable:510:10)
    at Console.log (C:\Users\crash\AppData\Roaming\npm\node_modules\firebase-tools\node_modules\winston\lib\winston\transports\console.js:87:23)
    at Console._write (C:\Users\crash\AppData\Roaming\npm\node_modules\firebase-tools\node_modules\winston-transport\modern.js:103:17)
    at doWrite (C:\Users\crash\AppData\Roaming\npm\node_modules\firebase-tools\node_modules\winston-transport\node_modules\readable-stream\lib\_stream_writable.js:390:139)
    at writeOrBuffer (C:\Users\crash\AppData\Roaming\npm\node_modules\firebase-tools\node_modules\winston-transport\node_modules\readable-stream\lib\_stream_writable.js:381:5)
    at Writable.write (C:\Users\crash\AppData\Roaming\npm\node_modules\firebase-tools\node_modules\winston-transport\node_modules\readable-stream\lib\_stream_writable.js:302:11)
    at DerivedLogger.ondata (C:\Users\crash\AppData\Roaming\npm\node_modules\firebase-tools\node_modules\winston\node_modules\readable-stream\lib\_stream_readable.js:629:20)
[error] 
[error] Error: An unexpected error has occurred.
[debug] [2026-07-20T18:11:55.599Z] Error: EPIPE: broken pipe, write
    at Socket._write (node:internal/net:63:18)
    at writeOrBuffer (node:internal/streams/writable:572:12)
    at _write (node:internal/streams/writable:501:10)
    at Writable.write (node:internal/streams/writable:510:10)
    at Console.log (C:\Users\crash\AppData\Roaming\npm\node_modules\firebase-tools\node_modules\winston\lib\winston\transports\console.js:87:23)
    at Console._write (C:\Users\crash\AppData\Roaming\npm\node_modules\firebase-tools\node_modules\winston-transport\modern.js:103:17)
    at doWrite (C:\Users\crash\AppData\Roaming\npm\node_modules\firebase-tools\node_modules\winston-transport\node_modules\readable-stream\lib\_stream_writable.js:390:139)
    at writeOrBuffer (C:\Users\crash\AppData\Roaming\npm\node_modules\firebase-tools\node_modules\winston-transport\node_modules\readable-stream\lib\_stream_writable.js:381:5)
    at Writable.write (C:\Users\crash\AppData\Roaming\npm\node_modules\firebase-tools\node_modules\winston-transport\node_modules\readable-stream\lib\_stream_writable.js:302:11)
    at DerivedLogger.ondata (C:\Users\crash\AppData\Roaming\npm\node_modules\firebase-tools\node_modules\winston\node_modules\readable-stream\lib\_stream_readable.js:629:20)
[error] 
[error] Error: An unexpected error has occurred.
[debug] [2026-07-20T18:11:55.600Z] Error: EPIPE: broken pipe, write
    at Socket._write (node:internal/net:63:18)
    at writeOrBuffer (node:internal/streams/writable:572:12)
    at _write (node:internal/streams/writable:501:10)
    at Writable.write (node:internal/streams/writable:510:10)
    at Console.log (C:\Users\crash\AppData\Roaming\npm\node_modules\firebase-tools\node_modules\winston\lib\winston\transports\console.js:87:23)
    at Console._write (C:\Users\crash\AppData\Roaming\npm\node_modules\firebase-tools\node_modules\winston-transport\modern.js:103:17)
    at doWrite (C:\Users\crash\AppData\Roaming\npm\node_modules\firebase-tools\node_modules\winston-transport\node_modules\readable-stream\lib\_stream_writable.js:390:139)
    at writeOrBuffer (C:\Users\crash\AppData\Roaming\npm\node_modules\firebase-tools\node_modules\winston-transport\node_modules\readable-stream\lib\_stream_writable.js:381:5)
    at Writable.write (C:\Users\crash\AppData\Roaming\npm\node_modules\firebase-tools\node_modules\winston-transport\node_modules\readable-stream\lib\_stream_writable.js:302:11)
    at DerivedLogger.ondata (C:\Users\crash\AppData\Roaming\npm\node_modules\firebase-tools\node_modules\winston\node_modules\readable-stream\lib\_stream_readable.js:629:20)
[error] 
[error] Error: An unexpected error has occurred.
[debug] [2026-07-20T18:11:55.600Z] Error: EPIPE: broken pipe, write
    at Socket._write (node:internal/net:63:18)
    at writeOrBuffer (node:internal/streams/writable:572:12)
    at _write (node:internal/streams/writable:501:10)
    at Writable.write (node:internal/streams/writable:510:10)
    at Console.log (C:\Users\crash\AppData\Roaming\npm\node_modules\firebase-tools\node_modules\winston\lib\winston\transports\console.js:87:23)
    at Console._write (C:\Users\crash\AppData\Roaming\npm\node_modules\firebase-tools\node_modules\winston-transport\modern.js:103:17)
    at doWrite (C:\Users\crash\AppData\Roaming\npm\node_modules\firebase-tools\node_modules\winston-transport\node_modules\readable-stream\lib\_stream_writable.js:390:139)
    at writeOrBuffer (C:\Users\crash\AppData\Roaming\npm\node_modules\firebase-tools\node_modules\winston-transport\node_modules\readable-stream\lib\_stream_writable.js:381:5)
    at Writable.write (C:\Users\crash\AppData\Roaming\npm\node_modules\firebase-tools\node_modules\winston-transport\node_modules\readable-stream\lib\_stream_writable.js:302:11)
    at DerivedLogger.ondata (C:\Users\crash\AppData\Roaming\npm\node_modules\firebase-tools\node_modules\winston\node_modules\readable-stream\lib\_stream_readable.js:629:20)
[error] 
[error] Error: An unexpected error has occurred.
[debug] [2026-07-20T18:11:55.601Z] Error: EPIPE: broken pipe, write
    at Socket._write (node:internal/net:63:18)
    at writeOrBuffer (node:internal/streams/writable:572:12)
    at _write (node:internal/streams/writable:501:10)
    at Writable.write (node:internal/streams/writable:510:10)
    at Console.log (C:\Users\crash\AppData\Roaming\npm\node_modules\firebase-tools\node_modules\winston\lib\winston\transports\console.js:87:23)
    at Console._write (C:\Users\crash\AppData\Roaming\npm\node_modules\firebase-tools\node_modules\winston-transport\modern.js:103:17)
    at doWrite (C:\Users\crash\AppData\Roaming\npm\node_modules\firebase-tools\node_modules\winston-transport\node_modules\readable-stream\lib\_stream_writable.js:390:139)
    at writeOrBuffer (C:\Users\crash\AppData\Roaming\npm\node_modules\firebase-tools\node_modules\winston-transport\node_modules\readable-stream\lib\_stream_writable.js:381:5)
    at Writable.write (C:\Users\crash\AppData\Roaming\npm\node_modules\firebase-tools\node_modules\winston-transport\node_modules\readable-stream\lib\_stream_writable.js:302:11)
    at DerivedLogger.ondata (C:\Users\crash\AppData\Roaming\npm\node_modules\firebase-tools\node_modules\winston\node_modules\readable-stream\lib\_stream_readable.js:629:20)
[error] 
[error] Error: An unexpected error has occurred.
[debug] [2026-07-20T18:11:55.601Z] Error: EPIPE: broken pipe, write
    at Socket._write (node:internal/net:63:18)
    at writeOrBuffer (node:internal/streams/writable:572:12)
    at _write (node:internal/streams/writable:501:10)
    at Writable.write (node:internal/streams/writable:510:10)
    at Console.log (C:\Users\crash\AppData\Roaming\npm\node_modules\firebase-tools\node_modules\winston\lib\winston\transports\console.js:87:23)
    at Console._write (C:\Users\crash\AppData\Roaming\npm\node_modules\firebase-tools\node_modules\winston-transport\modern.js:103:17)
    at doWrite (C:\Users\crash\AppData\Roaming\npm\node_modules\firebase-tools\node_modules\winston-transport\node_modules\readable-stream\lib\_stream_writable.js:390:139)
    at writeOrBuffer (C:\Users\crash\AppData\Roaming\npm\node_modules\firebase-tools\node_modules\winston-transport\node_modules\readable-stream\lib\_stream_writable.js:381:5)
    at Writable.write (C:\Users\crash\AppData\Roaming\npm\node_modules\firebase-tools\node_modules\winston-transport\node_modules\readable-stream\lib\_stream_writable.js:302:11)
    at DerivedLogger.ondata (C:\Users\crash\AppData\Roaming\npm\node_modules\firebase-tools\node_modules\winston\node_modules\readable-stream\lib\_stream_readable.js:629:20)
[error] 
[error] Error: An unexpected error has occurred.
[debug] [2026-07-20T18:11:55.602Z] Error: EPIPE: broken pipe, write
    at Socket._write (node:internal/net:63:18)
    at writeOrBuffer (node:internal/streams/writable:572:12)
    at _write (node:internal/streams/writable:501:10)
    at Writable.write (node:internal/streams/writable:510:10)
    at Console.log (C:\Users\crash\AppData\Roaming\npm\node_modules\firebase-tools\node_modules\winston\lib\winston\transports\console.js:87:23)
    at Console._write (C:\Users\crash\AppData\Roaming\npm\node_modules\firebase-tools\node_modules\winston-transport\modern.js:103:17)
    at doWrite (C:\Users\crash\AppData\Roaming\npm\node_modules\firebase-tools\node_modules\winston-transport\node_modules\readable-stream\lib\_stream_writable.js:390:139)
    at writeOrBuffer (C:\Users\crash\AppData\Roaming\npm\node_modules\firebase-tools\node_modules\winston-transport\node_modules\readable-stream\lib\_stream_writable.js:381:5)
    at Writable.write (C:\Users\crash\AppData\Roaming\npm\node_modules\firebase-tools\node_modules\winston-transport\node_modules\readable-stream\lib\_stream_writable.js:302:11)
    at DerivedLogger.ondata (C:\Users\crash\AppData\Roaming\npm\node_modules\firebase-tools\node_modules\winston\node_modules\readable-stream\lib\_stream_readable.js:629:20)
[error] 
[error] Error: An unexpected error has occurred.
[debug] [2026-07-20T18:11:55.602Z] Error: EPIPE: broken pipe, write
    at Socket._write (node:internal/net:63:18)
    at writeOrBuffer (node:internal/streams/writable:572:12)
    at _write (node:internal/streams/writable:501:10)
    at Writable.write (node:internal/streams/writable:510:10)
    at Console.log (C:\Users\crash\AppData\Roaming\npm\node_modules\firebase-tools\node_modules\winston\lib\winston\transports\console.js:87:23)
    at Console._write (C:\Users\crash\AppData\Roaming\npm\node_modules\firebase-tools\node_modules\winston-transport\modern.js:103:17)
    at doWrite (C:\Users\crash\AppData\Roaming\npm\node_modules\firebase-tools\node_modules\winston-transport\node_modules\readable-stream\lib\_stream_writable.js:390:139)
    at writeOrBuffer (C:\Users\crash\AppData\Roaming\npm\node_modules\firebase-tools\node_modules\winston-transport\node_modules\readable-stream\lib\_stream_writable.js:381:5)
    at Writable.write (C:\Users\crash\AppData\Roaming\npm\node_modules\firebase-tools\node_modules\winston-transport\node_modules\readable-stream\lib\_stream_writable.js:302:11)
    at DerivedLogger.ondata (C:\Users\crash\AppData\Roaming\npm\node_modules\firebase-tools\node_modules\winston\node_modules\readable-stream\lib\_stream_readable.js:629:20)
[error] 
[error] Error: An unexpected error has occurred.
[debug] [2026-07-20T18:11:55.603Z] Error: EPIPE: broken pipe, write
    at Socket._write (node:internal/net:63:18)
    at writeOrBuffer (node:internal/streams/writable:572:12)
    at _write (node:internal/streams/writable:501:10)
    at Writable.write (node:internal/streams/writable:510:10)
    at Console.log (C:\Users\crash\AppData\Roaming\npm\node_modules\firebase-tools\node_modules\winston\lib\winston\transports\console.js:87:23)
    at Console._write (C:\Users\crash\AppData\Roaming\npm\node_modules\firebase-tools\node_modules\winston-transport\modern.js:103:17)
    at doWrite (C:\Users\crash\AppData\Roaming\npm\node_modules\firebase-tools\node_modules\winston-transport\node_modules\readable-stream\lib\_stream_writable.js:390:139)
    at writeOrBuffer (C:\Users\crash\AppData\Roaming\npm\node_modules\firebase-tools\node_modules\winston-transport\node_modules\readable-stream\lib\_stream_writable.js:381:5)
    at Writable.write (C:\Users\crash\AppData\Roaming\npm\node_modules\firebase-tools\node_modules\winston-transport\node_modules\readable-stream\lib\_stream_writable.js:302:11)
    at DerivedLogger.ondata (C:\Users\crash\AppData\Roaming\npm\node_modules\firebase-tools\node_modules\winston\node_modules\readable-stream\lib\_stream_readable.js:629:20)
[error] 
[error] Error: An unexpected error has occurred.
[debug] [2026-07-20T18:11:55.603Z] Error: EPIPE: broken pipe, write
    at Socket._write (node:internal/net:63:18)
    at writeOrBuffer (node:internal/streams/writable:572:12)
    at _write (node:internal/streams/writable:501:10)
    at Writable.write (node:internal/streams/writable:510:10)
    at Console.log (C:\Users\crash\AppData\Roaming\npm\node_modules\firebase-tools\node_modules\winston\lib\winston\transports\console.js:87:23)
    at Console._write (C:\Users\crash\AppData\Roaming\npm\node_modules\firebase-tools\node_modules\winston-transport\modern.js:103:17)
    at doWrite (C:\Users\crash\AppData\Roaming\npm\node_modules\firebase-tools\node_modules\winston-transport\node_modules\readable-stream\lib\_stream_writable.js:390:139)
    at writeOrBuffer (C:\Users\crash\AppData\Roaming\npm\node_modules\firebase-tools\node_modules\winston-transport\node_modules\readable-stream\lib\_stream_writable.js:381:5)
    at Writable.write (C:\Users\crash\AppData\Roaming\npm\node_modules\firebase-tools\node_modules\winston-transport\node_modules\readable-stream\lib\_stream_writable.js:302:11)
    at DerivedLogger.ondata (C:\Users\crash\AppData\Roaming\npm\node_modules\firebase-tools\node_modules\winston\node_modules\readable-stream\lib\_stream_readable.js:629:20)
[error] 
[error] Error: An unexpected error has occurred.
[debug] [2026-07-20T18:11:55.604Z] Error: EPIPE: broken pipe, write
    at Socket._write (node:internal/net:63:18)
    at writeOrBuffer (node:internal/streams/writable:572:12)
    at _write (node:internal/streams/writable:501:10)
    at Writable.write (node:internal/streams/writable:510:10)
    at Console.log (C:\Users\crash\AppData\Roaming\npm\node_modules\firebase-tools\node_modules\winston\lib\winston\transports\console.js:87:23)
    at Console._write (C:\Users\crash\AppData\Roaming\npm\node_modules\firebase-tools\node_modules\winston-transport\modern.js:103:17)
    at doWrite (C:\Users\crash\AppData\Roaming\npm\node_modules\firebase-tools\node_modules\winston-transport\node_modules\readable-stream\lib\_stream_writable.js:390:139)
    at writeOrBuffer (C:\Users\crash\AppData\Roaming\npm\node_modules\firebase-tools\node_modules\winston-transport\node_modules\readable-stream\lib\_stream_writable.js:381:5)
    at Writable.write (C:\Users\crash\AppData\Roaming\npm\node_modules\firebase-tools\node_modules\winston-transport\node_modules\readable-stream\lib\_stream_writable.js:302:11)
    at DerivedLogger.ondata (C:\Users\crash\AppData\Roaming\npm\node_modules\firebase-tools\node_modules\winston\node_modules\readable-stream\lib\_stream_readable.js:629:20)
[error] 
[error] Error: An unexpected error has occurred.
[debug] [2026-07-20T18:11:55.604Z] Error: EPIPE: broken pipe, write
    at Socket._write (node:internal/net:63:18)
    at writeOrBuffer (node:internal/streams/writable:572:12)
    at _write (node:internal/streams/writable:501:10)
    at Writable.write (node:internal/streams/writable:510:10)
    at Console.log (C:\Users\crash\AppData\Roaming\npm\node_modules\firebase-tools\node_modules\winston\lib\winston\transports\console.js:87:23)
    at Console._write (C:\Users\crash\AppData\Roaming\npm\node_modules\firebase-tools\node_modules\winston-transport\modern.js:103:17)
    at doWrite (C:\Users\crash\AppData\Roaming\npm\node_modules\firebase-tools\node_modules\winston-transport\node_modules\readable-stream\lib\_stream_writable.js:390:139)
    at writeOrBuffer (C:\Users\crash\AppData\Roaming\npm\node_modules\firebase-tools\node_modules\winston-transport\node_modules\readable-stream\lib\_stream_writable.js:381:5)
    at Writable.write (C:\Users\crash\AppData\Roaming\npm\node_modules\firebase-tools\node_modules\winston-transport\node_modules\readable-stream\lib\_stream_writable.js:302:11)
    at DerivedLogger.ondata (C:\Users\crash\AppData\Roaming\npm\node_modules\firebase-tools\node_modules\winston\node_modules\readable-stream\lib\_stream_readable.js:629:20)
[error] 
[error] Error: An unexpected error has occurred.
[debug] [2026-07-20T18:11:55.604Z] Error: EPIPE: broken pipe, write
    at Socket._write (node:internal/net:63:18)
    at writeOrBuffer (node:internal/streams/writable:572:12)
    at _write (node:internal/streams/writable:501:10)
    at Writable.write (node:internal/streams/writable:510:10)
    at Console.log (C:\Users\crash\AppData\Roaming\npm\node_modules\firebase-tools\node_modules\winston\lib\winston\transports\console.js:87:23)
    at Console._write (C:\Users\crash\AppData\Roaming\npm\node_modules\firebase-tools\node_modules\winston-transport\modern.js:103:17)
    at doWrite (C:\Users\crash\AppData\Roaming\npm\node_modules\firebase-tools\node_modules\winston-transport\node_modules\readable-stream\lib\_stream_writable.js:390:139)
    at writeOrBuffer (C:\Users\crash\AppData\Roaming\npm\node_modules\firebase-tools\node_modules\winston-transport\node_modules\readable-stream\lib\_stream_writable.js:381:5)
    at Writable.write (C:\Users\crash\AppData\Roaming\npm\node_modules\firebase-tools\node_modules\winston-transport\node_modules\readable-stream\lib\_stream_writable.js:302:11)
    at DerivedLogger.ondata (C:\Users\crash\AppData\Roaming\npm\node_modules\firebase-tools\node_modules\winston\node_modules\readable-stream\lib\_stream_readable.js:629:20)
[error] 
[error] Error: An unexpected error has occurred.
[debug] [2026-07-20T18:11:55.605Z] Error: EPIPE: broken pipe, write
    at Socket._write (node:internal/net:63:18)
    at writeOrBuffer (node:internal/streams/writable:572:12)
    at _write (node:internal/streams/writable:501:10)
    at Writable.write (node:internal/streams/writable:510:10)
    at Console.log (C:\Users\crash\AppData\Roaming\npm\node_modules\firebase-tools\node_modules\winston\lib\winston\transports\console.js:87:23)
    at Console._write (C:\Users\crash\AppData\Roaming\npm\node_modules\firebase-tools\node_modules\winston-transport\modern.js:103:17)
    at doWrite (C:\Users\crash\AppData\Roaming\npm\node_modules\firebase-tools\node_modules\winston-transport\node_modules\readable-stream\lib\_stream_writable.js:390:139)
    at writeOrBuffer (C:\Users\crash\AppData\Roaming\npm\node_modules\firebase-tools\node_modules\winston-transport\node_modules\readable-stream\lib\_stream_writable.js:381:5)
    at Writable.write (C:\Users\crash\AppData\Roaming\npm\node_modules\firebase-tools\node_modules\winston-transport\node_modules\readable-stream\lib\_stream_writable.js:302:11)
    at DerivedLogger.ondata (C:\Users\crash\AppData\Roaming\npm\node_modules\firebase-tools\node_modules\winston\node_modules\readable-stream\lib\_stream_readable.js:629:20)
[error] 
[error] Error: An unexpected error has occurred.
[debug] [2026-07-20T18:11:55.605Z] Error: EPIPE: broken pipe, write
    at Socket._write (node:internal/net:63:18)
    at writeOrBuffer (node:internal/streams/writable:572:12)
    at _write (node:internal/streams/writable:501:10)
    at Writable.write (node:internal/streams/writable:510:10)
    at Console.log (C:\Users\crash\AppData\Roaming\npm\node_modules\firebase-tools\node_modules\winston\lib\winston\transports\console.js:87:23)
    at Console._write (C:\Users\crash\AppData\Roaming\npm\node_modules\firebase-tools\node_modules\winston-transport\modern.js:103:17)
    at doWrite (C:\Users\crash\AppData\Roaming\npm\node_modules\firebase-tools\node_modules\winston-transport\node_modules\readable-stream\lib\_stream_writable.js:390:139)
    at writeOrBuffer (C:\Users\crash\AppData\Roaming\npm\node_modules\firebase-tools\node_modules\winston-transport\node_modules\readable-stream\lib\_stream_writable.js:381:5)
    at Writable.write (C:\Users\crash\AppData\Roaming\npm\node_modules\firebase-tools\node_modules\winston-transport\node_modules\readable-stream\lib\_stream_writable.js:302:11)
    at DerivedLogger.ondata (C:\Users\crash\AppData\Roaming\npm\node_modules\firebase-tools\node_modules\winston\node_modules\readable-stream\lib\_stream_readable.js:629:20)
[error] 
[error] Error: An unexpected error has occurred.
[debug] [2026-07-20T18:11:55.605Z] Error: EPIPE: broken pipe, write
    at Socket._write (node:internal/net:63:18)
    at writeOrBuffer (node:internal/streams/writable:572:12)
    at _write (node:internal/streams/writable:501:10)
    at Writable.write (node:internal/streams/writable:510:10)
    at Console.log (C:\Users\crash\AppData\Roaming\npm\node_modules\firebase-tools\node_modules\winston\lib\winston\transports\console.js:87:23)
    at Console._write (C:\Users\crash\AppData\Roaming\npm\node_modules\firebase-tools\node_modules\winston-transport\modern.js:103:17)
    at doWrite (C:\Users\crash\AppData\Roaming\npm\node_modules\firebase-tools\node_modules\winston-transport\node_modules\readable-stream\lib\_stream_writable.js:390:139)
    at writeOrBuffer (C:\Users\crash\AppData\Roaming\npm\node_modules\firebase-tools\node_modules\winston-transport\node_modules\readable-stream\lib\_stream_writable.js:381:5)
    at Writable.write (C:\Users\crash\AppData\Roaming\npm\node_modules\firebase-tools\node_modules\winston-transport\node_modules\readable-stream\lib\_stream_writable.js:302:11)
    at DerivedLogger.ondata (C:\Users\crash\AppData\Roaming\npm\node_modules\firebase-tools\node_modules\winston\node_modules\readable-stream\lib\_stream_readable.js:629:20)
[error] 
[error] Error: An unexpected error has occurred.
[debug] [2026-07-20T18:11:55.606Z] Error: EPIPE: broken pipe, write
    at Socket._write (node:internal/net:63:18)
    at writeOrBuffer (node:internal/streams/writable:572:12)
    at _write (node:internal/streams/writable:501:10)
    at Writable.write (node:internal/streams/writable:510:10)
    at Console.log (C:\Users\crash\AppData\Roaming\npm\node_modules\firebase-tools\node_modules\winston\lib\winston\transports\console.js:87:23)
    at Console._write (C:\Users\crash\AppData\Roaming\npm\node_modules\firebase-tools\node_modules\winston-transport\modern.js:103:17)
    at doWrite (C:\Users\crash\AppData\Roaming\npm\node_modules\firebase-tools\node_modules\winston-transport\node_modules\readable-stream\lib\_stream_writable.js:390:139)
    at writeOrBuffer (C:\Users\crash\AppData\Roaming\npm\node_modules\firebase-tools\node_modules\winston-transport\node_modules\readable-stream\lib\_stream_writable.js:381:5)
    at Writable.write (C:\Users\crash\AppData\Roaming\npm\node_modules\firebase-tools\node_modules\winston-transport\node_modules\readable-stream\lib\_stream_writable.js:302:11)
    at DerivedLogger.ondata (C:\Users\crash\AppData\Roaming\npm\node_modules\firebase-tools\node_modules\winston\node_modules\readable-stream\lib\_stream_readable.js:629:20)
[error] 
[error] Error: An unexpected error has occurred.
[debug] [2026-07-20T18:11:55.606Z] Error: EPIPE: broken pipe, write
    at Socket._write (node:internal/net:63:18)
    at writeOrBuffer (node:internal/streams/writable:572:12)
    at _write (node:internal/streams/writable:501:10)
    at Writable.write (node:internal/streams/writable:510:10)
    at Console.log (C:\Users\crash\AppData\Roaming\npm\node_modules\firebase-tools\node_modules\winston\lib\winston\transports\console.js:87:23)
    at Console._write (C:\Users\crash\AppData\Roaming\npm\node_modules\firebase-tools\node_modules\winston-transport\modern.js:103:17)
    at doWrite (C:\Users\crash\AppData\Roaming\npm\node_modules\firebase-tools\node_modules\winston-transport\node_modules\readable-stream\lib\_stream_writable.js:390:139)
    at writeOrBuffer (C:\Users\crash\AppData\Roaming\npm\node_modules\firebase-tools\node_modules\winston-transport\node_modules\readable-stream\lib\_stream_writable.js:381:5)
    at Writable.write (C:\Users\crash\AppData\Roaming\npm\node_modules\firebase-tools\node_modules\winston-transport\node_modules\readable-stream\lib\_stream_writable.js:302:11)
    at DerivedLogger.ondata (C:\Users\crash\AppData\Roaming\npm\node_modules\firebase-tools\node_modules\winston\node_modules\readable-stream\lib\_stream_readable.js:629:20)
[error] 
[error] Error: An unexpected error has occurred.
[debug] [2026-07-20T18:11:55.606Z] Error: EPIPE: broken pipe, write
    at Socket._write (node:internal/net:63:18)
    at writeOrBuffer (node:internal/streams/writable:572:12)
    at _write (node:internal/streams/writable:501:10)
    at Writable.write (node:internal/streams/writable:510:10)
    at Console.log (C:\Users\crash\AppData\Roaming\npm\node_modules\firebase-tools\node_modules\winston\lib\winston\transports\console.js:87:23)
    at Console._write (C:\Users\crash\AppData\Roaming\npm\node_modules\firebase-tools\node_modules\winston-transport\modern.js:103:17)
    at doWrite (C:\Users\crash\AppData\Roaming\npm\node_modules\firebase-tools\node_modules\winston-transport\node_modules\readable-stream\lib\_stream_writable.js:390:139)
    at writeOrBuffer (C:\Users\crash\AppData\Roaming\npm\node_modules\firebase-tools\node_modules\winston-transport\node_modules\readable-stream\lib\_stream_writable.js:381:5)
    at Writable.write (C:\Users\crash\AppData\Roaming\npm\node_modules\firebase-tools\node_modules\winston-transport\node_modules\readable-stream\lib\_stream_writable.js:302:11)
    at DerivedLogger.ondata (C:\Users\crash\AppData\Roaming\npm\node_modules\firebase-tools\node_modules\winston\node_modules\readable-stream\lib\_stream_readable.js:629:20)
[error] 
[error] Error: An unexpected error has occurred.
[debug] [2026-07-20T18:11:55.607Z] Error: EPIPE: broken pipe, write
    at Socket._write (node:internal/net:63:18)
    at writeOrBuffer (node:internal/streams/writable:572:12)
    at _write (node:internal/streams/writable:501:10)
    at Writable.write (node:internal/streams/writable:510:10)
    at Console.log (C:\Users\crash\AppData\Roaming\npm\node_modules\firebase-tools\node_modules\winston\lib\winston\transports\console.js:87:23)
    at Console._write (C:\Users\crash\AppData\Roaming\npm\node_modules\firebase-tools\node_modules\winston-transport\modern.js:103:17)
    at doWrite (C:\Users\crash\AppData\Roaming\npm\node_modules\firebase-tools\node_modules\winston-transport\node_modules\readable-stream\lib\_stream_writable.js:390:139)
    at writeOrBuffer (C:\Users\crash\AppData\Roaming\npm\node_modules\firebase-tools\node_modules\winston-transport\node_modules\readable-stream\lib\_stream_writable.js:381:5)
    at Writable.write (C:\Users\crash\AppData\Roaming\npm\node_modules\firebase-tools\node_modules\winston-transport\node_modules\readable-stream\lib\_stream_writable.js:302:11)
    at DerivedLogger.ondata (C:\Users\crash\AppData\Roaming\npm\node_modules\firebase-tools\node_modules\winston\node_modules\readable-stream\lib\_stream_readable.js:629:20)
[error] 
[error] Error: An unexpected error has occurred.
[debug] [2026-07-20T18:11:55.607Z] Error: EPIPE: broken pipe, write
    at Socket._write (node:internal/net:63:18)
    at writeOrBuffer (node:internal/streams/writable:572:12)
    at _write (node:internal/streams/writable:501:10)
    at Writable.write (node:internal/streams/writable:510:10)
    at Console.log (C:\Users\crash\AppData\Roaming\npm\node_modules\firebase-tools\node_modules\winston\lib\winston\transports\console.js:87:23)
    at Console._write (C:\Users\crash\AppData\Roaming\npm\node_modules\firebase-tools\node_modules\winston-transport\modern.js:103:17)
    at doWrite (C:\Users\crash\AppData\Roaming\npm\node_modules\firebase-tools\node_modules\winston-transport\node_modules\readable-stream\lib\_stream_writable.js:390:139)
    at writeOrBuffer (C:\Users\crash\AppData\Roaming\npm\node_modules\firebase-tools\node_modules\winston-transport\node_modules\readable-stream\lib\_stream_writable.js:381:5)
    at Writable.write (C:\Users\crash\AppData\Roaming\npm\node_modules\firebase-tools\node_modules\winston-transport\node_modules\readable-stream\lib\_stream_writable.js:302:11)
    at DerivedLogger.ondata (C:\Users\crash\AppData\Roaming\npm\node_modules\firebase-tools\node_modules\winston\node_modules\readable-stream\lib\_stream_readable.js:629:20)
[error] 
[error] Error: An unexpected error has occurred.
[debug] [2026-07-20T18:11:55.607Z] Error: EPIPE: broken pipe, write
    at Socket._write (node:internal/net:63:18)
    at writeOrBuffer (node:internal/streams/writable:572:12)
    at _write (node:internal/streams/writable:501:10)
    at Writable.write (node:internal/streams/writable:510:10)
    at Console.log (C:\Users\crash\AppData\Roaming\npm\node_modules\firebase-tools\node_modules\winston\lib\winston\transports\console.js:87:23)
    at Console._write (C:\Users\crash\AppData\Roaming\npm\node_modules\firebase-tools\node_modules\winston-transport\modern.js:103:17)
    at doWrite (C:\Users\crash\AppData\Roaming\npm\node_modules\firebase-tools\node_modules\winston-transport\node_modules\readable-stream\lib\_stream_writable.js:390:139)
    at writeOrBuffer (C:\Users\crash\AppData\Roaming\npm\node_modules\firebase-tools\node_modules\winston-transport\node_modules\readable-stream\lib\_stream_writable.js:381:5)
    at Writable.write (C:\Users\crash\AppData\Roaming\npm\node_modules\firebase-tools\node_modules\winston-transport\node_modules\readable-stream\lib\_stream_writable.js:302:11)
    at DerivedLogger.ondata (C:\Users\crash\AppData\Roaming\npm\node_modules\firebase-tools\node_modules\winston\node_modules\readable-stream\lib\_stream_readable.js:629:20)
[error] 
[error] Error: An unexpected error has occurred.
[debug] [2026-07-20T18:11:55.608Z] Error: EPIPE: broken pipe, write
    at Socket._write (node:internal/net:63:18)
    at writeOrBuffer (node:internal/streams/writable:572:12)
    at _write (node:internal/streams/writable:501:10)
    at Writable.write (node:internal/streams/writable:510:10)
    at Console.log (C:\Users\crash\AppData\Roaming\npm\node_modules\firebase-tools\node_modules\winston\lib\winston\transports\console.js:87:23)
    at Console._write (C:\Users\crash\AppData\Roaming\npm\node_modules\firebase-tools\node_modules\winston-transport\modern.js:103:17)
    at doWrite (C:\Users\crash\AppData\Roaming\npm\node_modules\firebase-tools\node_modules\winston-transport\node_modules\readable-stream\lib\_stream_writable.js:390:139)
    at writeOrBuffer (C:\Users\crash\AppData\Roaming\npm\node_modules\firebase-tools\node_modules\winston-transport\node_modules\readable-stream\lib\_stream_writable.js:381:5)
    at Writable.write (C:\Users\crash\AppData\Roaming\npm\node_modules\firebase-tools\node_modules\winston-transport\node_modules\readable-stream\lib\_stream_writable.js:302:11)
    at DerivedLogger.ondata (C:\Users\crash\AppData\Roaming\npm\node_modules\firebase-tools\node_modules\winston\node_modules\readable-stream\lib\_stream_readable.js:629:20)
[error] 
[error] Error: An unexpected error has occurred.
[debug] [2026-07-20T18:11:55.608Z] Error: EPIPE: broken pipe, write
    at Socket._write (node:internal/net:63:18)
    at writeOrBuffer (node:internal/streams/writable:572:12)
    at _write (node:internal/streams/writable:501:10)
    at Writable.write (node:internal/streams/writable:510:10)
    at Console.log (C:\Users\crash\AppData\Roaming\npm\node_modules\firebase-tools\node_modules\winston\lib\winston\transports\console.js:87:23)
    at Console._write (C:\Users\crash\AppData\Roaming\npm\node_modules\firebase-tools\node_modules\winston-transport\modern.js:103:17)
    at doWrite (C:\Users\crash\AppData\Roaming\npm\node_modules\firebase-tools\node_modules\winston-transport\node_modules\readable-stream\lib\_stream_writable.js:390:139)
    at writeOrBuffer (C:\Users\crash\AppData\Roaming\npm\node_modules\firebase-tools\node_modules\winston-transport\node_modules\readable-stream\lib\_stream_writable.js:381:5)
    at Writable.write (C:\Users\crash\AppData\Roaming\npm\node_modules\firebase-tools\node_modules\winston-transport\node_modules\readable-stream\lib\_stream_writable.js:302:11)
    at DerivedLogger.ondata (C:\Users\crash\AppData\Roaming\npm\node_modules\firebase-tools\node_modules\winston\node_modules\readable-stream\lib\_stream_readable.js:629:20)
[error] 
[error] Error: An unexpected error has occurred.
[debug] [2026-07-20T18:11:55.608Z] Error: EPIPE: broken pipe, write
    at Socket._write (node:internal/net:63:18)
    at writeOrBuffer (node:internal/streams/writable:572:12)
    at _write (node:internal/streams/writable:501:10)
    at Writable.write (node:internal/streams/writable:510:10)
    at Console.log (C:\Users\crash\AppData\Roaming\npm\node_modules\firebase-tools\node_modules\winston\lib\winston\transports\console.js:87:23)
    at Console._write (C:\Users\crash\AppData\Roaming\npm\node_modules\firebase-tools\node_modules\winston-transport\modern.js:103:17)
    at doWrite (C:\Users\crash\AppData\Roaming\npm\node_modules\firebase-tools\node_modules\winston-transport\node_modules\readable-stream\lib\_stream_writable.js:390:139)
    at writeOrBuffer (C:\Users\crash\AppData\Roaming\npm\node_modules\firebase-tools\node_modules\winston-transport\node_modules\readable-stream\lib\_stream_writable.js:381:5)
    at Writable.write (C:\Users\crash\AppData\Roaming\npm\node_modules\firebase-tools\node_modules\winston-transport\node_modules\readable-stream\lib\_stream_writable.js:302:11)
    at DerivedLogger.ondata (C:\Users\crash\AppData\Roaming\npm\node_modules\firebase-tools\node_modules\winston\node_modules\readable-stream\lib\_stream_readable.js:629:20)
[error] 
[error] Error: An unexpected error has occurred.
[debug] [2026-07-20T18:11:55.609Z] Error: EPIPE: broken pipe, write
    at Socket._write (node:internal/net:63:18)
    at writeOrBuffer (node:internal/streams/writable:572:12)
    at _write (node:internal/streams/writable:501:10)
    at Writable.write (node:internal/streams/writable:510:10)
    at Console.log (C:\Users\crash\AppData\Roaming\npm\node_modules\firebase-tools\node_modules\winston\lib\winston\transports\console.js:87:23)
    at Console._write (C:\Users\crash\AppData\Roaming\npm\node_modules\firebase-tools\node_modules\winston-transport\modern.js:103:17)
    at doWrite (C:\Users\crash\AppData\Roaming\npm\node_modules\firebase-tools\node_modules\winston-transport\node_modules\readable-stream\lib\_stream_writable.js:390:139)
    at writeOrBuffer (C:\Users\crash\AppData\Roaming\npm\node_modules\firebase-tools\node_modules\winston-transport\node_modules\readable-stream\lib\_stream_writable.js:381:5)
    at Writable.write (C:\Users\crash\AppData\Roaming\npm\node_modules\firebase-tools\node_modules\winston-transport\node_modules\readable-stream\lib\_stream_writable.js:302:11)
    at DerivedLogger.ondata (C:\Users\crash\AppData\Roaming\npm\node_modules\firebase-tools\node_modules\winston\node_modules\readable-stream\lib\_stream_readable.js:629:20)
[error] 
[error] Error: An unexpected error has occurred.
[debug] [2026-07-20T18:11:55.610Z] Error: EPIPE: broken pipe, write
    at Socket._write (node:internal/net:63:18)
    at writeOrBuffer (node:internal/streams/writable:572:12)
    at _write (node:internal/streams/writable:501:10)
    at Writable.write (node:internal/streams/writable:510:10)
    at Console.log (C:\Users\crash\AppData\Roaming\npm\node_modules\firebase-tools\node_modules\winston\lib\winston\transports\console.js:87:23)
    at Console._write (C:\Users\crash\AppData\Roaming\npm\node_modules\firebase-tools\node_modules\winston-transport\modern.js:103:17)
    at doWrite (C:\Users\crash\AppData\Roaming\npm\node_modules\firebase-tools\node_modules\winston-transport\node_modules\readable-stream\lib\_stream_writable.js:390:139)
    at writeOrBuffer (C:\Users\crash\AppData\Roaming\npm\node_modules\firebase-tools\node_modules\winston-transport\node_modules\readable-stream\lib\_stream_writable.js:381:5)
    at Writable.write (C:\Users\crash\AppData\Roaming\npm\node_modules\firebase-tools\node_modules\winston-transport\node_modules\readable-stream\lib\_stream_writable.js:302:11)
    at DerivedLogger.ondata (C:\Users\crash\AppData\Roaming\npm\node_modules\firebase-tools\node_modules\winston\node_modules\readable-stream\lib\_stream_readable.js:629:20)
[error] 
[error] Error: An unexpected error has occurred.
[debug] [2026-07-20T18:11:55.610Z] Error: EPIPE: broken pipe, write
    at Socket._write (node:internal/net:63:18)
    at writeOrBuffer (node:internal/streams/writable:572:12)
    at _write (node:internal/streams/writable:501:10)
    at Writable.write (node:internal/streams/writable:510:10)
    at Console.log (C:\Users\crash\AppData\Roaming\npm\node_modules\firebase-tools\node_modules\winston\lib\winston\transports\console.js:87:23)
    at Console._write (C:\Users\crash\AppData\Roaming\npm\node_modules\firebase-tools\node_modules\winston-transport\modern.js:103:17)
    at doWrite (C:\Users\crash\AppData\Roaming\npm\node_modules\firebase-tools\node_modules\winston-transport\node_modules\readable-stream\lib\_stream_writable.js:390:139)
    at writeOrBuffer (C:\Users\crash\AppData\Roaming\npm\node_modules\firebase-tools\node_modules\winston-transport\node_modules\readable-stream\lib\_stream_writable.js:381:5)
    at Writable.write (C:\Users\crash\AppData\Roaming\npm\node_modules\firebase-tools\node_modules\winston-transport\node_modules\readable-stream\lib\_stream_writable.js:302:11)
    at DerivedLogger.ondata (C:\Users\crash\AppData\Roaming\npm\node_modules\firebase-tools\node_modules\winston\node_modules\readable-stream\lib\_stream_readable.js:629:20)
[error] 
[error] Error: An unexpected error has occurred.
[debug] [2026-07-20T18:11:55.611Z] Error: EPIPE: broken pipe, write
    at Socket._write (node:internal/net:63:18)
    at writeOrBuffer (node:internal/streams/writable:572:12)
    at _write (node:internal/streams/writable:501:10)
    at Writable.write (node:internal/streams/writable:510:10)
    at Console.log (C:\Users\crash\AppData\Roaming\npm\node_modules\firebase-tools\node_modules\winston\lib\winston\transports\console.js:87:23)
    at Console._write (C:\Users\crash\AppData\Roaming\npm\node_modules\firebase-tools\node_modules\winston-transport\modern.js:103:17)
    at doWrite (C:\Users\crash\AppData\Roaming\npm\node_modules\firebase-tools\node_modules\winston-transport\node_modules\readable-stream\lib\_stream_writable.js:390:139)
    at writeOrBuffer (C:\Users\crash\AppData\Roaming\npm\node_modules\firebase-tools\node_modules\winston-transport\node_modules\readable-stream\lib\_stream_writable.js:381:5)
    at Writable.write (C:\Users\crash\AppData\Roaming\npm\node_modules\firebase-tools\node_modules\winston-transport\node_modules\readable-stream\lib\_stream_writable.js:302:11)
    at DerivedLogger.ondata (C:\Users\crash\AppData\Roaming\npm\node_modules\firebase-tools\node_modules\winston\node_modules\readable-stream\lib\_stream_readable.js:629:20)
[error] 
[error] Error: An unexpected error has occurred.
[debug] [2026-07-20T18:11:55.611Z] Error: EPIPE: broken pipe, write
    at Socket._write (node:internal/net:63:18)
    at writeOrBuffer (node:internal/streams/writable:572:12)
    at _write (node:internal/streams/writable:501:10)
    at Writable.write (node:internal/streams/writable:510:10)
    at Console.log (C:\Users\crash\AppData\Roaming\npm\node_modules\firebase-tools\node_modules\winston\lib\winston\transports\console.js:87:23)
    at Console._write (C:\Users\crash\AppData\Roaming\npm\node_modules\firebase-tools\node_modules\winston-transport\modern.js:103:17)
    at doWrite (C:\Users\crash\AppData\Roaming\npm\node_modules\firebase-tools\node_modules\winston-transport\node_modules\readable-stream\lib\_stream_writable.js:390:139)
    at writeOrBuffer (C:\Users\crash\AppData\Roaming\npm\node_modules\firebase-tools\node_modules\winston-transport\node_modules\readable-stream\lib\_stream_writable.js:381:5)
    at Writable.write (C:\Users\crash\AppData\Roaming\npm\node_modules\firebase-tools\node_modules\winston-transport\node_modules\readable-stream\lib\_stream_writable.js:302:11)
    at DerivedLogger.ondata (C:\Users\crash\AppData\Roaming\npm\node_modules\firebase-tools\node_modules\winston\node_modules\readable-stream\lib\_stream_readable.js:629:20)
[error] 
[error] Error: An unexpected error has occurred.
[debug] [2026-07-20T18:11:55.612Z] Error: EPIPE: broken pipe, write
    at Socket._write (node:internal/net:63:18)
    at writeOrBuffer (node:internal/streams/writable:572:12)
    at _write (node:internal/streams/writable:501:10)
    at Writable.write (node:internal/streams/writable:510:10)
    at Console.log (C:\Users\crash\AppData\Roaming\npm\node_modules\firebase-tools\node_modules\winston\lib\winston\transports\console.js:87:23)
    at Console._write (C:\Users\crash\AppData\Roaming\npm\node_modules\firebase-tools\node_modules\winston-transport\modern.js:103:17)
    at doWrite (C:\Users\crash\AppData\Roaming\npm\node_modules\firebase-tools\node_modules\winston-transport\node_modules\readable-stream\lib\_stream_writable.js:390:139)
    at writeOrBuffer (C:\Users\crash\AppData\Roaming\npm\node_modules\firebase-tools\node_modules\winston-transport\node_modules\readable-stream\lib\_stream_writable.js:381:5)
    at Writable.write (C:\Users\crash\AppData\Roaming\npm\node_modules\firebase-tools\node_modules\winston-transport\node_modules\readable-stream\lib\_stream_writable.js:302:11)
    at DerivedLogger.ondata (C:\Users\crash\AppData\Roaming\npm\node_modules\firebase-tools\node_modules\winston\node_modules\readable-stream\lib\_stream_readable.js:629:20)
[error] 
[error] Error: An unexpected error has occurred.
[debug] [2026-07-20T18:11:55.732Z] Error: EPIPE: broken pipe, write
    at Socket._write (node:internal/net:63:18)
    at writeOrBuffer (node:internal/streams/writable:572:12)
    at _write (node:internal/streams/writable:501:10)
    at Writable.write (node:internal/streams/writable:510:10)
    at Console.log (C:\Users\crash\AppData\Roaming\npm\node_modules\firebase-tools\node_modules\winston\lib\winston\transports\console.js:87:23)
    at Console._write (C:\Users\crash\AppData\Roaming\npm\node_modules\firebase-tools\node_modules\winston-transport\modern.js:103:17)
    at doWrite (C:\Users\crash\AppData\Roaming\npm\node_modules\firebase-tools\node_modules\winston-transport\node_modules\readable-stream\lib\_stream_writable.js:390:139)
    at writeOrBuffer (C:\Users\crash\AppData\Roaming\npm\node_modules\firebase-tools\node_modules\winston-transport\node_modules\readable-stream\lib\_stream_writable.js:381:5)
    at Writable.write (C:\Users\crash\AppData\Roaming\npm\node_modules\firebase-tools\node_modules\winston-transport\node_modules\readable-stream\lib\_stream_writable.js:302:11)
    at DerivedLogger.ondata (C:\Users\crash\AppData\Roaming\npm\node_modules\firebase-tools\node_modules\winston\node_modules\readable-stream\lib\_stream_readable.js:629:20)
[error] 
[error] Error: An unexpected error has occurred.
[debug] [2026-07-20T18:11:55.733Z] Error: EPIPE: broken pipe, write
    at Socket._write (node:internal/net:63:18)
    at writeOrBuffer (node:internal/streams/writable:572:12)
    at _write (node:internal/streams/writable:501:10)
    at Writable.write (node:internal/streams/writable:510:10)
    at Console.log (C:\Users\crash\AppData\Roaming\npm\node_modules\firebase-tools\node_modules\winston\lib\winston\transports\console.js:87:23)
    at Console._write (C:\Users\crash\AppData\Roaming\npm\node_modules\firebase-tools\node_modules\winston-transport\modern.js:103:17)
    at doWrite (C:\Users\crash\AppData\Roaming\npm\node_modules\firebase-tools\node_modules\winston-transport\node_modules\readable-stream\lib\_stream_writable.js:390:139)
    at writeOrBuffer (C:\Users\crash\AppData\Roaming\npm\node_modules\firebase-tools\node_modules\winston-transport\node_modules\readable-stream\lib\_stream_writable.js:381:5)
    at Writable.write (C:\Users\crash\AppData\Roaming\npm\node_modules\firebase-tools\node_modules\winston-transport\node_modules\readable-stream\lib\_stream_writable.js:302:11)
    at DerivedLogger.ondata (C:\Users\crash\AppData\Roaming\npm\node_modules\firebase-tools\node_modules\winston\node_modules\readable-stream\lib\_stream_readable.js:629:20)
[error] 
[error] Error: An unexpected error has occurred.
[debug] [2026-07-20T18:11:55.733Z] Error: EPIPE: broken pipe, write
    at Socket._write (node:internal/net:63:18)
    at writeOrBuffer (node:internal/streams/writable:572:12)
    at _write (node:internal/streams/writable:501:10)
    at Writable.write (node:internal/streams/writable:510:10)
    at Console.log (C:\Users\crash\AppData\Roaming\npm\node_modules\firebase-tools\node_modules\winston\lib\winston\transports\console.js:87:23)
    at Console._write (C:\Users\crash\AppData\Roaming\npm\node_modules\firebase-tools\node_modules\winston-transport\modern.js:103:17)
    at doWrite (C:\Users\crash\AppData\Roaming\npm\node_modules\firebase-tools\node_modules\winston-transport\node_modules\readable-stream\lib\_stream_writable.js:390:139)
    at writeOrBuffer (C:\Users\crash\AppData\Roaming\npm\node_modules\firebase-tools\node_modules\winston-transport\node_modules\readable-stream\lib\_stream_writable.js:381:5)
    at Writable.write (C:\Users\crash\AppData\Roaming\npm\node_modules\firebase-tools\node_modules\winston-transport\node_modules\readable-stream\lib\_stream_writable.js:302:11)
    at DerivedLogger.ondata (C:\Users\crash\AppData\Roaming\npm\node_modules\firebase-tools\node_modules\winston\node_modules\readable-stream\lib\_stream_readable.js:629:20)
[error] 
[error] Error: An unexpected error has occurred.
[debug] [2026-07-20T18:11:55.734Z] Error: EPIPE: broken pipe, write
    at Socket._write (node:internal/net:63:18)
    at writeOrBuffer (node:internal/streams/writable:572:12)
    at _write (node:internal/streams/writable:501:10)
    at Writable.write (node:internal/streams/writable:510:10)
    at Console.log (C:\Users\crash\AppData\Roaming\npm\node_modules\firebase-tools\node_modules\winston\lib\winston\transports\console.js:87:23)
    at Console._write (C:\Users\crash\AppData\Roaming\npm\node_modules\firebase-tools\node_modules\winston-transport\modern.js:103:17)
    at doWrite (C:\Users\crash\AppData\Roaming\npm\node_modules\firebase-tools\node_modules\winston-transport\node_modules\readable-stream\lib\_stream_writable.js:390:139)
    at writeOrBuffer (C:\Users\crash\AppData\Roaming\npm\node_modules\firebase-tools\node_modules\winston-transport\node_modules\readable-stream\lib\_stream_writable.js:381:5)
    at Writable.write (C:\Users\crash\AppData\Roaming\npm\node_modules\firebase-tools\node_modules\winston-transport\node_modules\readable-stream\lib\_stream_writable.js:302:11)
    at DerivedLogger.ondata (C:\Users\crash\AppData\Roaming\npm\node_modules\firebase-tools\node_modules\winston\node_modules\readable-stream\lib\_stream_readable.js:629:20)
[error] 
[error] Error: An unexpected error has occurred.
[debug] [2026-07-20T18:11:55.734Z] Error: EPIPE: broken pipe, write
    at Socket._write (node:internal/net:63:18)
    at writeOrBuffer (node:internal/streams/writable:572:12)
    at _write (node:internal/streams/writable:501:10)
    at Writable.write (node:internal/streams/writable:510:10)
    at Console.log (C:\Users\crash\AppData\Roaming\npm\node_modules\firebase-tools\node_modules\winston\lib\winston\transports\console.js:87:23)
    at Console._write (C:\Users\crash\AppData\Roaming\npm\node_modules\firebase-tools\node_modules\winston-transport\modern.js:103:17)
    at doWrite (C:\Users\crash\AppData\Roaming\npm\node_modules\firebase-tools\node_modules\winston-transport\node_modules\readable-stream\lib\_stream_writable.js:390:139)
    at writeOrBuffer (C:\Users\crash\AppData\Roaming\npm\node_modules\firebase-tools\node_modules\winston-transport\node_modules\readable-stream\lib\_stream_writable.js:381:5)
    at Writable.write (C:\Users\crash\AppData\Roaming\npm\node_modules\firebase-tools\node_modules\winston-transport\node_modules\readable-stream\lib\_stream_writable.js:302:11)
    at DerivedLogger.ondata (C:\Users\crash\AppData\Roaming\npm\node_modules\firebase-tools\node_modules\winston\node_modules\readable-stream\lib\_stream_readable.js:629:20)
[error] 
[error] Error: An unexpected error has occurred.
[debug] [2026-07-20T18:11:55.735Z] Error: EPIPE: broken pipe, write
    at Socket._write (node:internal/net:63:18)
    at writeOrBuffer (node:internal/streams/writable:572:12)
    at _write (node:internal/streams/writable:501:10)
    at Writable.write (node:internal/streams/writable:510:10)
    at Console.log (C:\Users\crash\AppData\Roaming\npm\node_modules\firebase-tools\node_modules\winston\lib\winston\transports\console.js:87:23)
    at Console._write (C:\Users\crash\AppData\Roaming\npm\node_modules\firebase-tools\node_modules\winston-transport\modern.js:103:17)
    at doWrite (C:\Users\crash\AppData\Roaming\npm\node_modules\firebase-tools\node_modules\winston-transport\node_modules\readable-stream\lib\_stream_writable.js:390:139)
    at writeOrBuffer (C:\Users\crash\AppData\Roaming\npm\node_modules\firebase-tools\node_modules\winston-transport\node_modules\readable-stream\lib\_stream_writable.js:381:5)
    at Writable.write (C:\Users\crash\AppData\Roaming\npm\node_modules\firebase-tools\node_modules\winston-transport\node_modules\readable-stream\lib\_stream_writable.js:302:11)
    at DerivedLogger.ondata (C:\Users\crash\AppData\Roaming\npm\node_modules\firebase-tools\node_modules\winston\node_modules\readable-stream\lib\_stream_readable.js:629:20)
[error] 
[error] Error: An unexpected error has occurred.
[debug] [2026-07-20T18:11:55.735Z] Error: EPIPE: broken pipe, write
    at Socket._write (node:internal/net:63:18)
    at writeOrBuffer (node:internal/streams/writable:572:12)
    at _write (node:internal/streams/writable:501:10)
    at Writable.write (node:internal/streams/writable:510:10)
    at Console.log (C:\Users\crash\AppData\Roaming\npm\node_modules\firebase-tools\node_modules\winston\lib\winston\transports\console.js:87:23)
    at Console._write (C:\Users\crash\AppData\Roaming\npm\node_modules\firebase-tools\node_modules\winston-transport\modern.js:103:17)
    at doWrite (C:\Users\crash\AppData\Roaming\npm\node_modules\firebase-tools\node_modules\winston-transport\node_modules\readable-stream\lib\_stream_writable.js:390:139)
    at writeOrBuffer (C:\Users\crash\AppData\Roaming\npm\node_modules\firebase-tools\node_modules\winston-transport\node_modules\readable-stream\lib\_stream_writable.js:381:5)
    at Writable.write (C:\Users\crash\AppData\Roaming\npm\node_modules\firebase-tools\node_modules\winston-transport\node_modules\readable-stream\lib\_stream_writable.js:302:11)
    at DerivedLogger.ondata (C:\Users\crash\AppData\Roaming\npm\node_modules\firebase-tools\node_modules\winston\node_modules\readable-stream\lib\_stream_readable.js:629:20)
[error] 
[error] Error: An unexpected error has occurred.
[debug] [2026-07-20T18:11:55.735Z] Error: EPIPE: broken pipe, write
    at Socket._write (node:internal/net:63:18)
    at writeOrBuffer (node:internal/streams/writable:572:12)
    at _write (node:internal/streams/writable:501:10)
    at Writable.write (node:internal/streams/writable:510:10)
    at Console.log (C:\Users\crash\AppData\Roaming\npm\node_modules\firebase-tools\node_modules\winston\lib\winston\transports\console.js:87:23)
    at Console._write (C:\Users\crash\AppData\Roaming\npm\node_modules\firebase-tools\node_modules\winston-transport\modern.js:103:17)
    at doWrite (C:\Users\crash\AppData\Roaming\npm\node_modules\firebase-tools\node_modules\winston-transport\node_modules\readable-stream\lib\_stream_writable.js:390:139)
    at writeOrBuffer (C:\Users\crash\AppData\Roaming\npm\node_modules\firebase-tools\node_modules\winston-transport\node_modules\readable-stream\lib\_stream_writable.js:381:5)
    at Writable.write (C:\Users\crash\AppData\Roaming\npm\node_modules\firebase-tools\node_modules\winston-transport\node_modules\readable-stream\lib\_stream_writable.js:302:11)
    at DerivedLogger.ondata (C:\Users\crash\AppData\Roaming\npm\node_modules\firebase-tools\node_modules\winston\node_modules\readable-stream\lib\_stream_readable.js:629:20)
[error] 
[error] Error: An unexpected error has occurred.
[debug] [2026-07-20T18:11:55.736Z] Error: EPIPE: broken pipe, write
    at Socket._write (node:internal/net:63:18)
    at writeOrBuffer (node:internal/streams/writable:572:12)
    at _write (node:internal/streams/writable:501:10)
    at Writable.write (node:internal/streams/writable:510:10)
    at Console.log (C:\Users\crash\AppData\Roaming\npm\node_modules\firebase-tools\node_modules\winston\lib\winston\transports\console.js:87:23)
    at Console._write (C:\Users\crash\AppData\Roaming\npm\node_modules\firebase-tools\node_modules\winston-transport\modern.js:103:17)
    at doWrite (C:\Users\crash\AppData\Roaming\npm\node_modules\firebase-tools\node_modules\winston-transport\node_modules\readable-stream\lib\_stream_writable.js:390:139)
    at writeOrBuffer (C:\Users\crash\AppData\Roaming\npm\node_modules\firebase-tools\node_modules\winston-transport\node_modules\readable-stream\lib\_stream_writable.js:381:5)
    at Writable.write (C:\Users\crash\AppData\Roaming\npm\node_modules\firebase-tools\node_modules\winston-transport\node_modules\readable-stream\lib\_stream_writable.js:302:11)
    at DerivedLogger.ondata (C:\Users\crash\AppData\Roaming\npm\node_modules\firebase-tools\node_modules\winston\node_modules\readable-stream\lib\_stream_readable.js:629:20)
[error] 
[error] Error: An unexpected error has occurred.
[debug] [2026-07-20T18:11:55.736Z] Error: EPIPE: broken pipe, write
    at Socket._write (node:internal/net:63:18)
    at writeOrBuffer (node:internal/streams/writable:572:12)
    at _write (node:internal/streams/writable:501:10)
    at Writable.write (node:internal/streams/writable:510:10)
    at Console.log (C:\Users\crash\AppData\Roaming\npm\node_modules\firebase-tools\node_modules\winston\lib\winston\transports\console.js:87:23)
    at Console._write (C:\Users\crash\AppData\Roaming\npm\node_modules\firebase-tools\node_modules\winston-transport\modern.js:103:17)
    at doWrite (C:\Users\crash\AppData\Roaming\npm\node_modules\firebase-tools\node_modules\winston-transport\node_modules\readable-stream\lib\_stream_writable.js:390:139)
    at writeOrBuffer (C:\Users\crash\AppData\Roaming\npm\node_modules\firebase-tools\node_modules\winston-transport\node_modules\readable-stream\lib\_stream_writable.js:381:5)
    at Writable.write (C:\Users\crash\AppData\Roaming\npm\node_modules\firebase-tools\node_modules\winston-transport\node_modules\readable-stream\lib\_stream_writable.js:302:11)
    at DerivedLogger.ondata (C:\Users\crash\AppData\Roaming\npm\node_modules\firebase-tools\node_modules\winston\node_modules\readable-stream\lib\_stream_readable.js:629:20)
[error] 
[error] Error: An unexpected error has occurred.
[debug] [2026-07-20T18:11:55.737Z] Error: EPIPE: broken pipe, write
    at Socket._write (node:internal/net:63:18)
    at writeOrBuffer (node:internal/streams/writable:572:12)
    at _write (node:internal/streams/writable:501:10)
    at Writable.write (node:internal/streams/writable:510:10)
    at Console.log (C:\Users\crash\AppData\Roaming\npm\node_modules\firebase-tools\node_modules\winston\lib\winston\transports\console.js:87:23)
    at Console._write (C:\Users\crash\AppData\Roaming\npm\node_modules\firebase-tools\node_modules\winston-transport\modern.js:103:17)
    at doWrite (C:\Users\crash\AppData\Roaming\npm\node_modules\firebase-tools\node_modules\winston-transport\node_modules\readable-stream\lib\_stream_writable.js:390:139)
    at writeOrBuffer (C:\Users\crash\AppData\Roaming\npm\node_modules\firebase-tools\node_modules\winston-transport\node_modules\readable-stream\lib\_stream_writable.js:381:5)
    at Writable.write (C:\Users\crash\AppData\Roaming\npm\node_modules\firebase-tools\node_modules\winston-transport\node_modules\readable-stream\lib\_stream_writable.js:302:11)
    at DerivedLogger.ondata (C:\Users\crash\AppData\Roaming\npm\node_modules\firebase-tools\node_modules\winston\node_modules\readable-stream\lib\_stream_readable.js:629:20)
[error] 
[error] Error: An unexpected error has occurred.
[debug] [2026-07-20T18:11:55.737Z] Error: EPIPE: broken pipe, write
    at Socket._write (node:internal/net:63:18)
    at writeOrBuffer (node:internal/streams/writable:572:12)
    at _write (node:internal/streams/writable:501:10)
    at Writable.write (node:internal/streams/writable:510:10)
    at Console.log (C:\Users\crash\AppData\Roaming\npm\node_modules\firebase-tools\node_modules\winston\lib\winston\transports\console.js:87:23)
    at Console._write (C:\Users\crash\AppData\Roaming\npm\node_modules\firebase-tools\node_modules\winston-transport\modern.js:103:17)
    at doWrite (C:\Users\crash\AppData\Roaming\npm\node_modules\firebase-tools\node_modules\winston-transport\node_modules\readable-stream\lib\_stream_writable.js:390:139)
    at writeOrBuffer (C:\Users\crash\AppData\Roaming\npm\node_modules\firebase-tools\node_modules\winston-transport\node_modules\readable-stream\lib\_stream_writable.js:381:5)
    at Writable.write (C:\Users\crash\AppData\Roaming\npm\node_modules\firebase-tools\node_modules\winston-transport\node_modules\readable-stream\lib\_stream_writable.js:302:11)
    at DerivedLogger.ondata (C:\Users\crash\AppData\Roaming\npm\node_modules\firebase-tools\node_modules\winston\node_modules\readable-stream\lib\_stream_readable.js:629:20)
[error] 
[error] Error: An unexpected error has occurred.
[debug] [2026-07-20T18:11:55.737Z] Error: EPIPE: broken pipe, write
    at Socket._write (node:internal/net:63:18)
    at writeOrBuffer (node:internal/streams/writable:572:12)
    at _write (node:internal/streams/writable:501:10)
    at Writable.write (node:internal/streams/writable:510:10)
    at Console.log (C:\Users\crash\AppData\Roaming\npm\node_modules\firebase-tools\node_modules\winston\lib\winston\transports\console.js:87:23)
    at Console._write (C:\Users\crash\AppData\Roaming\npm\node_modules\firebase-tools\node_modules\winston-transport\modern.js:103:17)
    at doWrite (C:\Users\crash\AppData\Roaming\npm\node_modules\firebase-tools\node_modules\winston-transport\node_modules\readable-stream\lib\_stream_writable.js:390:139)
    at writeOrBuffer (C:\Users\crash\AppData\Roaming\npm\node_modules\firebase-tools\node_modules\winston-transport\node_modules\readable-stream\lib\_stream_writable.js:381:5)
    at Writable.write (C:\Users\crash\AppData\Roaming\npm\node_modules\firebase-tools\node_modules\winston-transport\node_modules\readable-stream\lib\_stream_writable.js:302:11)
    at DerivedLogger.ondata (C:\Users\crash\AppData\Roaming\npm\node_modules\firebase-tools\node_modules\winston\node_modules\readable-stream\lib\_stream_readable.js:629:20)
[error] 
[error] Error: An unexpected error has occurred.
[debug] [2026-07-20T18:11:55.740Z] Error: EPIPE: broken pipe, write
    at Socket._write (node:internal/net:63:18)
    at writeOrBuffer (node:internal/streams/writable:572:12)
    at _write (node:internal/streams/writable:501:10)
    at Writable.write (node:internal/streams/writable:510:10)
    at Console.log (C:\Users\crash\AppData\Roaming\npm\node_modules\firebase-tools\node_modules\winston\lib\winston\transports\console.js:87:23)
    at Console._write (C:\Users\crash\AppData\Roaming\npm\node_modules\firebase-tools\node_modules\winston-transport\modern.js:103:17)
    at doWrite (C:\Users\crash\AppData\Roaming\npm\node_modules\firebase-tools\node_modules\winston-transport\node_modules\readable-stream\lib\_stream_writable.js:390:139)
    at writeOrBuffer (C:\Users\crash\AppData\Roaming\npm\node_modules\firebase-tools\node_modules\winston-transport\node_modules\readable-stream\lib\_stream_writable.js:381:5)
    at Writable.write (C:\Users\crash\AppData\Roaming\npm\node_modules\firebase-tools\node_modules\winston-transport\node_modules\readable-stream\lib\_stream_writable.js:302:11)
    at DerivedLogger.ondata (C:\Users\crash\AppData\Roaming\npm\node_modules\firebase-tools\node_modules\winston\node_modules\readable-stream\lib\_stream_readable.js:629:20)
[error] 
[error] Error: An unexpected error has occurred.
[debug] [2026-07-20T18:11:55.740Z] Error: EPIPE: broken pipe, write
    at Socket._write (node:internal/net:63:18)
    at writeOrBuffer (node:internal/streams/writable:572:12)
    at _write (node:internal/streams/writable:501:10)
    at Writable.write (node:internal/streams/writable:510:10)
    at Console.log (C:\Users\crash\AppData\Roaming\npm\node_modules\firebase-tools\node_modules\winston\lib\winston\transports\console.js:87:23)
    at Console._write (C:\Users\crash\AppData\Roaming\npm\node_modules\firebase-tools\node_modules\winston-transport\modern.js:103:17)
    at doWrite (C:\Users\crash\AppData\Roaming\npm\node_modules\firebase-tools\node_modules\winston-transport\node_modules\readable-stream\lib\_stream_writable.js:390:139)
    at writeOrBuffer (C:\Users\crash\AppData\Roaming\npm\node_modules\firebase-tools\node_modules\winston-transport\node_modules\readable-stream\lib\_stream_writable.js:381:5)
    at Writable.write (C:\Users\crash\AppData\Roaming\npm\node_modules\firebase-tools\node_modules\winston-transport\node_modules\readable-stream\lib\_stream_writable.js:302:11)
    at DerivedLogger.ondata (C:\Users\crash\AppData\Roaming\npm\node_modules\firebase-tools\node_modules\winston\node_modules\readable-stream\lib\_stream_readable.js:629:20)
[error] 
[error] Error: An unexpected error has occurred.
[debug] [2026-07-20T18:11:55.740Z] Error: EPIPE: broken pipe, write
    at Socket._write (node:internal/net:63:18)
    at writeOrBuffer (node:internal/streams/writable:572:12)
    at _write (node:internal/streams/writable:501:10)
    at Writable.write (node:internal/streams/writable:510:10)
    at Console.log (C:\Users\crash\AppData\Roaming\npm\node_modules\firebase-tools\node_modules\winston\lib\winston\transports\console.js:87:23)
    at Console._write (C:\Users\crash\AppData\Roaming\npm\node_modules\firebase-tools\node_modules\winston-transport\modern.js:103:17)
    at doWrite (C:\Users\crash\AppData\Roaming\npm\node_modules\firebase-tools\node_modules\winston-transport\node_modules\readable-stream\lib\_stream_writable.js:390:139)
    at writeOrBuffer (C:\Users\crash\AppData\Roaming\npm\node_modules\firebase-tools\node_modules\winston-transport\node_modules\readable-stream\lib\_stream_writable.js:381:5)
    at Writable.write (C:\Users\crash\AppData\Roaming\npm\node_modules\firebase-tools\node_modules\winston-transport\node_modules\readable-stream\lib\_stream_writable.js:302:11)
    at DerivedLogger.ondata (C:\Users\crash\AppData\Roaming\npm\node_modules\firebase-tools\node_modules\winston\node_modules\readable-stream\lib\_stream_readable.js:629:20)
[error] 
[error] Error: An unexpected error has occurred.
[debug] [2026-07-20T18:11:55.741Z] Error: EPIPE: broken pipe, write
    at Socket._write (node:internal/net:63:18)
    at writeOrBuffer (node:internal/streams/writable:572:12)
    at _write (node:internal/streams/writable:501:10)
    at Writable.write (node:internal/streams/writable:510:10)
    at Console.log (C:\Users\crash\AppData\Roaming\npm\node_modules\firebase-tools\node_modules\winston\lib\winston\transports\console.js:87:23)
    at Console._write (C:\Users\crash\AppData\Roaming\npm\node_modules\firebase-tools\node_modules\winston-transport\modern.js:103:17)
    at doWrite (C:\Users\crash\AppData\Roaming\npm\node_modules\firebase-tools\node_modules\winston-transport\node_modules\readable-stream\lib\_stream_writable.js:390:139)
    at writeOrBuffer (C:\Users\crash\AppData\Roaming\npm\node_modules\firebase-tools\node_modules\winston-transport\node_modules\readable-stream\lib\_stream_writable.js:381:5)
    at Writable.write (C:\Users\crash\AppData\Roaming\npm\node_modules\firebase-tools\node_modules\winston-transport\node_modules\readable-stream\lib\_stream_writable.js:302:11)
    at DerivedLogger.ondata (C:\Users\crash\AppData\Roaming\npm\node_modules\firebase-tools\node_modules\winston\node_modules\readable-stream\lib\_stream_readable.js:629:20)
[error] 
[error] Error: An unexpected error has occurred.
[debug] [2026-07-20T18:11:55.741Z] Error: EPIPE: broken pipe, write
    at Socket._write (node:internal/net:63:18)
    at writeOrBuffer (node:internal/streams/writable:572:12)
    at _write (node:internal/streams/writable:501:10)
    at Writable.write (node:internal/streams/writable:510:10)
    at Console.log (C:\Users\crash\AppData\Roaming\npm\node_modules\firebase-tools\node_modules\winston\lib\winston\transports\console.js:87:23)
    at Console._write (C:\Users\crash\AppData\Roaming\npm\node_modules\firebase-tools\node_modules\winston-transport\modern.js:103:17)
    at doWrite (C:\Users\crash\AppData\Roaming\npm\node_modules\firebase-tools\node_modules\winston-transport\node_modules\readable-stream\lib\_stream_writable.js:390:139)
    at writeOrBuffer (C:\Users\crash\AppData\Roaming\npm\node_modules\firebase-tools\node_modules\winston-transport\node_modules\readable-stream\lib\_stream_writable.js:381:5)
    at Writable.write (C:\Users\crash\AppData\Roaming\npm\node_modules\firebase-tools\node_modules\winston-transport\node_modules\readable-stream\lib\_stream_writable.js:302:11)
    at DerivedLogger.ondata (C:\Users\crash\AppData\Roaming\npm\node_modules\firebase-tools\node_modules\winston\node_modules\readable-stream\lib\_stream_readable.js:629:20)
[error] 
[error] Error: An unexpected error has occurred.
[debug] [2026-07-20T18:11:55.741Z] Error: EPIPE: broken pipe, write
    at Socket._write (node:internal/net:63:18)
    at writeOrBuffer (node:internal/streams/writable:572:12)
    at _write (node:internal/streams/writable:501:10)
    at Writable.write (node:internal/streams/writable:510:10)
    at Console.log (C:\Users\crash\AppData\Roaming\npm\node_modules\firebase-tools\node_modules\winston\lib\winston\transports\console.js:87:23)
    at Console._write (C:\Users\crash\AppData\Roaming\npm\node_modules\firebase-tools\node_modules\winston-transport\modern.js:103:17)
    at doWrite (C:\Users\crash\AppData\Roaming\npm\node_modules\firebase-tools\node_modules\winston-transport\node_modules\readable-stream\lib\_stream_writable.js:390:139)
    at writeOrBuffer (C:\Users\crash\AppData\Roaming\npm\node_modules\firebase-tools\node_modules\winston-transport\node_modules\readable-stream\lib\_stream_writable.js:381:5)
    at Writable.write (C:\Users\crash\AppData\Roaming\npm\node_modules\firebase-tools\node_modules\winston-transport\node_modules\readable-stream\lib\_stream_writable.js:302:11)
    at DerivedLogger.ondata (C:\Users\crash\AppData\Roaming\npm\node_modules\firebase-tools\node_modules\winston\node_modules\readable-stream\lib\_stream_readable.js:629:20)
[error] 
[error] Error: An unexpected error has occurred.
[debug] [2026-07-20T18:11:55.742Z] Error: EPIPE: broken pipe, write
    at Socket._write (node:internal/net:63:18)
    at writeOrBuffer (node:internal/streams/writable:572:12)
    at _write (node:internal/streams/writable:501:10)
    at Writable.write (node:internal/streams/writable:510:10)
    at Console.log (C:\Users\crash\AppData\Roaming\npm\node_modules\firebase-tools\node_modules\winston\lib\winston\transports\console.js:87:23)
    at Console._write (C:\Users\crash\AppData\Roaming\npm\node_modules\firebase-tools\node_modules\winston-transport\modern.js:103:17)
    at doWrite (C:\Users\crash\AppData\Roaming\npm\node_modules\firebase-tools\node_modules\winston-transport\node_modules\readable-stream\lib\_stream_writable.js:390:139)
    at writeOrBuffer (C:\Users\crash\AppData\Roaming\npm\node_modules\firebase-tools\node_modules\winston-transport\node_modules\readable-stream\lib\_stream_writable.js:381:5)
    at Writable.write (C:\Users\crash\AppData\Roaming\npm\node_modules\firebase-tools\node_modules\winston-transport\node_modules\readable-stream\lib\_stream_writable.js:302:11)
    at DerivedLogger.ondata (C:\Users\crash\AppData\Roaming\npm\node_modules\firebase-tools\node_modules\winston\node_modules\readable-stream\lib\_stream_readable.js:629:20)
[error] 
[error] Error: An unexpected error has occurred.
[debug] [2026-07-20T18:11:55.742Z] Error: EPIPE: broken pipe, write
    at Socket._write (node:internal/net:63:18)
    at writeOrBuffer (node:internal/streams/writable:572:12)
    at _write (node:internal/streams/writable:501:10)
    at Writable.write (node:internal/streams/writable:510:10)
    at Console.log (C:\Users\crash\AppData\Roaming\npm\node_modules\firebase-tools\node_modules\winston\lib\winston\transports\console.js:87:23)
    at Console._write (C:\Users\crash\AppData\Roaming\npm\node_modules\firebase-tools\node_modules\winston-transport\modern.js:103:17)
    at doWrite (C:\Users\crash\AppData\Roaming\npm\node_modules\firebase-tools\node_modules\winston-transport\node_modules\readable-stream\lib\_stream_writable.js:390:139)
    at writeOrBuffer (C:\Users\crash\AppData\Roaming\npm\node_modules\firebase-tools\node_modules\winston-transport\node_modules\readable-stream\lib\_stream_writable.js:381:5)
    at Writable.write (C:\Users\crash\AppData\Roaming\npm\node_modules\firebase-tools\node_modules\winston-transport\node_modules\readable-stream\lib\_stream_writable.js:302:11)
    at DerivedLogger.ondata (C:\Users\crash\AppData\Roaming\npm\node_modules\firebase-tools\node_modules\winston\node_modules\readable-stream\lib\_stream_readable.js:629:20)
[error] 
[error] Error: An unexpected error has occurred.
[debug] [2026-07-20T18:11:55.742Z] Error: EPIPE: broken pipe, write
    at Socket._write (node:internal/net:63:18)
    at writeOrBuffer (node:internal/streams/writable:572:12)
    at _write (node:internal/streams/writable:501:10)
    at Writable.write (node:internal/streams/writable:510:10)
    at Console.log (C:\Users\crash\AppData\Roaming\npm\node_modules\firebase-tools\node_modules\winston\lib\winston\transports\console.js:87:23)
    at Console._write (C:\Users\crash\AppData\Roaming\npm\node_modules\firebase-tools\node_modules\winston-transport\modern.js:103:17)
    at doWrite (C:\Users\crash\AppData\Roaming\npm\node_modules\firebase-tools\node_modules\winston-transport\node_modules\readable-stream\lib\_stream_writable.js:390:139)
    at writeOrBuffer (C:\Users\crash\AppData\Roaming\npm\node_modules\firebase-tools\node_modules\winston-transport\node_modules\readable-stream\lib\_stream_writable.js:381:5)
    at Writable.write (C:\Users\crash\AppData\Roaming\npm\node_modules\firebase-tools\node_modules\winston-transport\node_modules\readable-stream\lib\_stream_writable.js:302:11)
    at DerivedLogger.ondata (C:\Users\crash\AppData\Roaming\npm\node_modules\firebase-tools\node_modules\winston\node_modules\readable-stream\lib\_stream_readable.js:629:20)
[error] 
[error] Error: An unexpected error has occurred.
[debug] [2026-07-20T18:11:55.743Z] Error: EPIPE: broken pipe, write
    at Socket._write (node:internal/net:63:18)
    at writeOrBuffer (node:internal/streams/writable:572:12)
    at _write (node:internal/streams/writable:501:10)
    at Writable.write (node:internal/streams/writable:510:10)
    at Console.log (C:\Users\crash\AppData\Roaming\npm\node_modules\firebase-tools\node_modules\winston\lib\winston\transports\console.js:87:23)
    at Console._write (C:\Users\crash\AppData\Roaming\npm\node_modules\firebase-tools\node_modules\winston-transport\modern.js:103:17)
    at doWrite (C:\Users\crash\AppData\Roaming\npm\node_modules\firebase-tools\node_modules\winston-transport\node_modules\readable-stream\lib\_stream_writable.js:390:139)
    at writeOrBuffer (C:\Users\crash\AppData\Roaming\npm\node_modules\firebase-tools\node_modules\winston-transport\node_modules\readable-stream\lib\_stream_writable.js:381:5)
    at Writable.write (C:\Users\crash\AppData\Roaming\npm\node_modules\firebase-tools\node_modules\winston-transport\node_modules\readable-stream\lib\_stream_writable.js:302:11)
    at DerivedLogger.ondata (C:\Users\crash\AppData\Roaming\npm\node_modules\firebase-tools\node_modules\winston\node_modules\readable-stream\lib\_stream_readable.js:629:20)
[error] 
[error] Error: An unexpected error has occurred.
[debug] [2026-07-20T18:11:55.743Z] Error: EPIPE: broken pipe, write
    at Socket._write (node:internal/net:63:18)
    at writeOrBuffer (node:internal/streams/writable:572:12)
    at _write (node:internal/streams/writable:501:10)
    at Writable.write (node:internal/streams/writable:510:10)
    at Console.log (C:\Users\crash\AppData\Roaming\npm\node_modules\firebase-tools\node_modules\winston\lib\winston\transports\console.js:87:23)
    at Console._write (C:\Users\crash\AppData\Roaming\npm\node_modules\firebase-tools\node_modules\winston-transport\modern.js:103:17)
    at doWrite (C:\Users\crash\AppData\Roaming\npm\node_modules\firebase-tools\node_modules\winston-transport\node_modules\readable-stream\lib\_stream_writable.js:390:139)
    at writeOrBuffer (C:\Users\crash\AppData\Roaming\npm\node_modules\firebase-tools\node_modules\winston-transport\node_modules\readable-stream\lib\_stream_writable.js:381:5)
    at Writable.write (C:\Users\crash\AppData\Roaming\npm\node_modules\firebase-tools\node_modules\winston-transport\node_modules\readable-stream\lib\_stream_writable.js:302:11)
    at DerivedLogger.ondata (C:\Users\crash\AppData\Roaming\npm\node_modules\firebase-tools\node_modules\winston\node_modules\readable-stream\lib\_stream_readable.js:629:20)
[error] 
[error] Error: An unexpected error has occurred.
[debug] [2026-07-20T18:11:55.743Z] Error: EPIPE: broken pipe, write
    at Socket._write (node:internal/net:63:18)
    at writeOrBuffer (node:internal/streams/writable:572:12)
    at _write (node:internal/streams/writable:501:10)
    at Writable.write (node:internal/streams/writable:510:10)
    at Console.log (C:\Users\crash\AppData\Roaming\npm\node_modules\firebase-tools\node_modules\winston\lib\winston\transports\console.js:87:23)
    at Console._write (C:\Users\crash\AppData\Roaming\npm\node_modules\firebase-tools\node_modules\winston-transport\modern.js:103:17)
    at doWrite (C:\Users\crash\AppData\Roaming\npm\node_modules\firebase-tools\node_modules\winston-transport\node_modules\readable-stream\lib\_stream_writable.js:390:139)
    at writeOrBuffer (C:\Users\crash\AppData\Roaming\npm\node_modules\firebase-tools\node_modules\winston-transport\node_modules\readable-stream\lib\_stream_writable.js:381:5)
    at Writable.write (C:\Users\crash\AppData\Roaming\npm\node_modules\firebase-tools\node_modules\winston-transport\node_modules\readable-stream\lib\_stream_writable.js:302:11)
    at DerivedLogger.ondata (C:\Users\crash\AppData\Roaming\npm\node_modules\firebase-tools\node_modules\winston\node_modules\readable-stream\lib\_stream_readable.js:629:20)
[error] 
[error] Error: An unexpected error has occurred.
[debug] [2026-07-20T18:11:55.744Z] Error: EPIPE: broken pipe, write
    at Socket._write (node:internal/net:63:18)
    at writeOrBuffer (node:internal/streams/writable:572:12)
    at _write (node:internal/streams/writable:501:10)
    at Writable.write (node:internal/streams/writable:510:10)
    at Console.log (C:\Users\crash\AppData\Roaming\npm\node_modules\firebase-tools\node_modules\winston\lib\winston\transports\console.js:87:23)
    at Console._write (C:\Users\crash\AppData\Roaming\npm\node_modules\firebase-tools\node_modules\winston-transport\modern.js:103:17)
    at doWrite (C:\Users\crash\AppData\Roaming\npm\node_modules\firebase-tools\node_modules\winston-transport\node_modules\readable-stream\lib\_stream_writable.js:390:139)
    at writeOrBuffer (C:\Users\crash\AppData\Roaming\npm\node_modules\firebase-tools\node_modules\winston-transport\node_modules\readable-stream\lib\_stream_writable.js:381:5)
    at Writable.write (C:\Users\crash\AppData\Roaming\npm\node_modules\firebase-tools\node_modules\winston-transport\node_modules\readable-stream\lib\_stream_writable.js:302:11)
    at DerivedLogger.ondata (C:\Users\crash\AppData\Roaming\npm\node_modules\firebase-tools\node_modules\winston\node_modules\readable-stream\lib\_stream_readable.js:629:20)
[error] 
[error] Error: An unexpected error has occurred.
[debug] [2026-07-20T18:11:55.746Z] Error: EPIPE: broken pipe, write
    at Socket._write (node:internal/net:63:18)
    at writeOrBuffer (node:internal/streams/writable:572:12)
    at _write (node:internal/streams/writable:501:10)
    at Writable.write (node:internal/streams/writable:510:10)
    at Console.log (C:\Users\crash\AppData\Roaming\npm\node_modules\firebase-tools\node_modules\winston\lib\winston\transports\console.js:87:23)
    at Console._write (C:\Users\crash\AppData\Roaming\npm\node_modules\firebase-tools\node_modules\winston-transport\modern.js:103:17)
    at doWrite (C:\Users\crash\AppData\Roaming\npm\node_modules\firebase-tools\node_modules\winston-transport\node_modules\readable-stream\lib\_stream_writable.js:390:139)
    at writeOrBuffer (C:\Users\crash\AppData\Roaming\npm\node_modules\firebase-tools\node_modules\winston-transport\node_modules\readable-stream\lib\_stream_writable.js:381:5)
    at Writable.write (C:\Users\crash\AppData\Roaming\npm\node_modules\firebase-tools\node_modules\winston-transport\node_modules\readable-stream\lib\_stream_writable.js:302:11)
    at DerivedLogger.ondata (C:\Users\crash\AppData\Roaming\npm\node_modules\firebase-tools\node_modules\winston\node_modules\readable-stream\lib\_stream_readable.js:629:20)
[error] 
[error] Error: An unexpected error has occurred.
[debug] [2026-07-20T18:11:55.747Z] Error: EPIPE: broken pipe, write
    at Socket._write (node:internal/net:63:18)
    at writeOrBuffer (node:internal/streams/writable:572:12)
    at _write (node:internal/streams/writable:501:10)
    at Writable.write (node:internal/streams/writable:510:10)
    at Console.log (C:\Users\crash\AppData\Roaming\npm\node_modules\firebase-tools\node_modules\winston\lib\winston\transports\console.js:87:23)
    at Console._write (C:\Users\crash\AppData\Roaming\npm\node_modules\firebase-tools\node_modules\winston-transport\modern.js:103:17)
    at doWrite (C:\Users\crash\AppData\Roaming\npm\node_modules\firebase-tools\node_modules\winston-transport\node_modules\readable-stream\lib\_stream_writable.js:390:139)
    at writeOrBuffer (C:\Users\crash\AppData\Roaming\npm\node_modules\firebase-tools\node_modules\winston-transport\node_modules\readable-stream\lib\_stream_writable.js:381:5)
    at Writable.write (C:\Users\crash\AppData\Roaming\npm\node_modules\firebase-tools\node_modules\winston-transport\node_modules\readable-stream\lib\_stream_writable.js:302:11)
    at DerivedLogger.ondata (C:\Users\crash\AppData\Roaming\npm\node_modules\firebase-tools\node_modules\winston\node_modules\readable-stream\lib\_stream_readable.js:629:20)
[error] 
[error] Error: An unexpected error has occurred.
[debug] [2026-07-20T18:11:55.747Z] Error: EPIPE: broken pipe, write
    at Socket._write (node:internal/net:63:18)
    at writeOrBuffer (node:internal/streams/writable:572:12)
    at _write (node:internal/streams/writable:501:10)
    at Writable.write (node:internal/streams/writable:510:10)
    at Console.log (C:\Users\crash\AppData\Roaming\npm\node_modules\firebase-tools\node_modules\winston\lib\winston\transports\console.js:87:23)
    at Console._write (C:\Users\crash\AppData\Roaming\npm\node_modules\firebase-tools\node_modules\winston-transport\modern.js:103:17)
    at doWrite (C:\Users\crash\AppData\Roaming\npm\node_modules\firebase-tools\node_modules\winston-transport\node_modules\readable-stream\lib\_stream_writable.js:390:139)
    at writeOrBuffer (C:\Users\crash\AppData\Roaming\npm\node_modules\firebase-tools\node_modules\winston-transport\node_modules\readable-stream\lib\_stream_writable.js:381:5)
    at Writable.write (C:\Users\crash\AppData\Roaming\npm\node_modules\firebase-tools\node_modules\winston-transport\node_modules\readable-stream\lib\_stream_writable.js:302:11)
    at DerivedLogger.ondata (C:\Users\crash\AppData\Roaming\npm\node_modules\firebase-tools\node_modules\winston\node_modules\readable-stream\lib\_stream_readable.js:629:20)
[error] 
[error] Error: An unexpected error has occurred.
[debug] [2026-07-20T18:11:55.748Z] Error: EPIPE: broken pipe, write
    at Socket._write (node:internal/net:63:18)
    at writeOrBuffer (node:internal/streams/writable:572:12)
    at _write (node:internal/streams/writable:501:10)
    at Writable.write (node:internal/streams/writable:510:10)
    at Console.log (C:\Users\crash\AppData\Roaming\npm\node_modules\firebase-tools\node_modules\winston\lib\winston\transports\console.js:87:23)
    at Console._write (C:\Users\crash\AppData\Roaming\npm\node_modules\firebase-tools\node_modules\winston-transport\modern.js:103:17)
    at doWrite (C:\Users\crash\AppData\Roaming\npm\node_modules\firebase-tools\node_modules\winston-transport\node_modules\readable-stream\lib\_stream_writable.js:390:139)
    at writeOrBuffer (C:\Users\crash\AppData\Roaming\npm\node_modules\firebase-tools\node_modules\winston-transport\node_modules\readable-stream\lib\_stream_writable.js:381:5)
    at Writable.write (C:\Users\crash\AppData\Roaming\npm\node_modules\firebase-tools\node_modules\winston-transport\node_modules\readable-stream\lib\_stream_writable.js:302:11)
    at DerivedLogger.ondata (C:\Users\crash\AppData\Roaming\npm\node_modules\firebase-tools\node_modules\winston\node_modules\readable-stream\lib\_stream_readable.js:629:20)
[error] 
[error] Error: An unexpected error has occurred.
[debug] [2026-07-20T18:11:55.748Z] Error: EPIPE: broken pipe, write
    at Socket._write (node:internal/net:63:18)
    at writeOrBuffer (node:internal/streams/writable:572:12)
    at _write (node:internal/streams/writable:501:10)
    at Writable.write (node:internal/streams/writable:510:10)
    at Console.log (C:\Users\crash\AppData\Roaming\npm\node_modules\firebase-tools\node_modules\winston\lib\winston\transports\console.js:87:23)
    at Console._write (C:\Users\crash\AppData\Roaming\npm\node_modules\firebase-tools\node_modules\winston-transport\modern.js:103:17)
    at doWrite (C:\Users\crash\AppData\Roaming\npm\node_modules\firebase-tools\node_modules\winston-transport\node_modules\readable-stream\lib\_stream_writable.js:390:139)
    at writeOrBuffer (C:\Users\crash\AppData\Roaming\npm\node_modules\firebase-tools\node_modules\winston-transport\node_modules\readable-stream\lib\_stream_writable.js:381:5)
    at Writable.write (C:\Users\crash\AppData\Roaming\npm\node_modules\firebase-tools\node_modules\winston-transport\node_modules\readable-stream\lib\_stream_writable.js:302:11)
    at DerivedLogger.ondata (C:\Users\crash\AppData\Roaming\npm\node_modules\firebase-tools\node_modules\winston\node_modules\readable-stream\lib\_stream_readable.js:629:20)
[error] 
[error] Error: An unexpected error has occurred.
[debug] [2026-07-20T18:11:55.749Z] Error: EPIPE: broken pipe, write
    at Socket._write (node:internal/net:63:18)
    at writeOrBuffer (node:internal/streams/writable:572:12)
    at _write (node:internal/streams/writable:501:10)
    at Writable.write (node:internal/streams/writable:510:10)
    at Console.log (C:\Users\crash\AppData\Roaming\npm\node_modules\firebase-tools\node_modules\winston\lib\winston\transports\console.js:87:23)
    at Console._write (C:\Users\crash\AppData\Roaming\npm\node_modules\firebase-tools\node_modules\winston-transport\modern.js:103:17)
    at doWrite (C:\Users\crash\AppData\Roaming\npm\node_modules\firebase-tools\node_modules\winston-transport\node_modules\readable-stream\lib\_stream_writable.js:390:139)
    at writeOrBuffer (C:\Users\crash\AppData\Roaming\npm\node_modules\firebase-tools\node_modules\winston-transport\node_modules\readable-stream\lib\_stream_writable.js:381:5)
    at Writable.write (C:\Users\crash\AppData\Roaming\npm\node_modules\firebase-tools\node_modules\winston-transport\node_modules\readable-stream\lib\_stream_writable.js:302:11)
    at DerivedLogger.ondata (C:\Users\crash\AppData\Roaming\npm\node_modules\firebase-tools\node_modules\winston\node_modules\readable-stream\lib\_stream_readable.js:629:20)
[error] 
[error] Error: An unexpected error has occurred.
[debug] [2026-07-20T18:11:55.749Z] Error: EPIPE: broken pipe, write
    at Socket._write (node:internal/net:63:18)
    at writeOrBuffer (node:internal/streams/writable:572:12)
    at _write (node:internal/streams/writable:501:10)
    at Writable.write (node:internal/streams/writable:510:10)
    at Console.log (C:\Users\crash\AppData\Roaming\npm\node_modules\firebase-tools\node_modules\winston\lib\winston\transports\console.js:87:23)
    at Console._write (C:\Users\crash\AppData\Roaming\npm\node_modules\firebase-tools\node_modules\winston-transport\modern.js:103:17)
    at doWrite (C:\Users\crash\AppData\Roaming\npm\node_modules\firebase-tools\node_modules\winston-transport\node_modules\readable-stream\lib\_stream_writable.js:390:139)
    at writeOrBuffer (C:\Users\crash\AppData\Roaming\npm\node_modules\firebase-tools\node_modules\winston-transport\node_modules\readable-stream\lib\_stream_writable.js:381:5)
    at Writable.write (C:\Users\crash\AppData\Roaming\npm\node_modules\firebase-tools\node_modules\winston-transport\node_modules\readable-stream\lib\_stream_writable.js:302:11)
    at DerivedLogger.ondata (C:\Users\crash\AppData\Roaming\npm\node_modules\firebase-tools\node_modules\winston\node_modules\readable-stream\lib\_stream_readable.js:629:20)
[error] 
[error] Error: An unexpected error has occurred.
[debug] [2026-07-20T18:11:55.749Z] Error: EPIPE: broken pipe, write
    at Socket._write (node:internal/net:63:18)
    at writeOrBuffer (node:internal/streams/writable:572:12)
    at _write (node:internal/streams/writable:501:10)
    at Writable.write (node:internal/streams/writable:510:10)
    at Console.log (C:\Users\crash\AppData\Roaming\npm\node_modules\firebase-tools\node_modules\winston\lib\winston\transports\console.js:87:23)
    at Console._write (C:\Users\crash\AppData\Roaming\npm\node_modules\firebase-tools\node_modules\winston-transport\modern.js:103:17)
    at doWrite (C:\Users\crash\AppData\Roaming\npm\node_modules\firebase-tools\node_modules\winston-transport\node_modules\readable-stream\lib\_stream_writable.js:390:139)
    at writeOrBuffer (C:\Users\crash\AppData\Roaming\npm\node_modules\firebase-tools\node_modules\winston-transport\node_modules\readable-stream\lib\_stream_writable.js:381:5)
    at Writable.write (C:\Users\crash\AppData\Roaming\npm\node_modules\firebase-tools\node_modules\winston-transport\node_modules\readable-stream\lib\_stream_writable.js:302:11)
    at DerivedLogger.ondata (C:\Users\crash\AppData\Roaming\npm\node_modules\firebase-tools\node_modules\winston\node_modules\readable-stream\lib\_stream_readable.js:629:20)
[error] 
[error] Error: An unexpected error has occurred.
[debug] [2026-07-20T18:11:55.750Z] Error: EPIPE: broken pipe, write
    at Socket._write (node:internal/net:63:18)
    at writeOrBuffer (node:internal/streams/writable:572:12)
    at _write (node:internal/streams/writable:501:10)
    at Writable.write (node:internal/streams/writable:510:10)
    at Console.log (C:\Users\crash\AppData\Roaming\npm\node_modules\firebase-tools\node_modules\winston\lib\winston\transports\console.js:87:23)
    at Console._write (C:\Users\crash\AppData\Roaming\npm\node_modules\firebase-tools\node_modules\winston-transport\modern.js:103:17)
    at doWrite (C:\Users\crash\AppData\Roaming\npm\node_modules\firebase-tools\node_modules\winston-transport\node_modules\readable-stream\lib\_stream_writable.js:390:139)
    at writeOrBuffer (C:\Users\crash\AppData\Roaming\npm\node_modules\firebase-tools\node_modules\winston-transport\node_modules\readable-stream\lib\_stream_writable.js:381:5)
    at Writable.write (C:\Users\crash\AppData\Roaming\npm\node_modules\firebase-tools\node_modules\winston-transport\node_modules\readable-stream\lib\_stream_writable.js:302:11)
    at DerivedLogger.ondata (C:\Users\crash\AppData\Roaming\npm\node_modules\firebase-tools\node_modules\winston\node_modules\readable-stream\lib\_stream_readable.js:629:20)
[error] 
[error] Error: An unexpected error has occurred.
[debug] [2026-07-20T18:11:55.750Z] Error: EPIPE: broken pipe, write
    at Socket._write (node:internal/net:63:18)
    at writeOrBuffer (node:internal/streams/writable:572:12)
    at _write (node:internal/streams/writable:501:10)
    at Writable.write (node:internal/streams/writable:510:10)
    at Console.log (C:\Users\crash\AppData\Roaming\npm\node_modules\firebase-tools\node_modules\winston\lib\winston\transports\console.js:87:23)
    at Console._write (C:\Users\crash\AppData\Roaming\npm\node_modules\firebase-tools\node_modules\winston-transport\modern.js:103:17)
    at doWrite (C:\Users\crash\AppData\Roaming\npm\node_modules\firebase-tools\node_modules\winston-transport\node_modules\readable-stream\lib\_stream_writable.js:390:139)
    at writeOrBuffer (C:\Users\crash\AppData\Roaming\npm\node_modules\firebase-tools\node_modules\winston-transport\node_modules\readable-stream\lib\_stream_writable.js:381:5)
    at Writable.write (C:\Users\crash\AppData\Roaming\npm\node_modules\firebase-tools\node_modules\winston-transport\node_modules\readable-stream\lib\_stream_writable.js:302:11)
    at DerivedLogger.ondata (C:\Users\crash\AppData\Roaming\npm\node_modules\firebase-tools\node_modules\winston\node_modules\readable-stream\lib\_stream_readable.js:629:20)
[error] 
[error] Error: An unexpected error has occurred.
[debug] [2026-07-20T18:11:55.751Z] Error: EPIPE: broken pipe, write
    at Socket._write (node:internal/net:63:18)
    at writeOrBuffer (node:internal/streams/writable:572:12)
    at _write (node:internal/streams/writable:501:10)
    at Writable.write (node:internal/streams/writable:510:10)
    at Console.log (C:\Users\crash\AppData\Roaming\npm\node_modules\firebase-tools\node_modules\winston\lib\winston\transports\console.js:87:23)
    at Console._write (C:\Users\crash\AppData\Roaming\npm\node_modules\firebase-tools\node_modules\winston-transport\modern.js:103:17)
    at doWrite (C:\Users\crash\AppData\Roaming\npm\node_modules\firebase-tools\node_modules\winston-transport\node_modules\readable-stream\lib\_stream_writable.js:390:139)
    at writeOrBuffer (C:\Users\crash\AppData\Roaming\npm\node_modules\firebase-tools\node_modules\winston-transport\node_modules\readable-stream\lib\_stream_writable.js:381:5)
    at Writable.write (C:\Users\crash\AppData\Roaming\npm\node_modules\firebase-tools\node_modules\winston-transport\node_modules\readable-stream\lib\_stream_writable.js:302:11)
    at DerivedLogger.ondata (C:\Users\crash\AppData\Roaming\npm\node_modules\firebase-tools\node_modules\winston\node_modules\readable-stream\lib\_stream_readable.js:629:20)
[error] 
[error] Error: An unexpected error has occurred.
[debug] [2026-07-20T18:11:55.751Z] Error: EPIPE: broken pipe, write
    at Socket._write (node:internal/net:63:18)
    at writeOrBuffer (node:internal/streams/writable:572:12)
    at _write (node:internal/streams/writable:501:10)
    at Writable.write (node:internal/streams/writable:510:10)
    at Console.log (C:\Users\crash\AppData\Roaming\npm\node_modules\firebase-tools\node_modules\winston\lib\winston\transports\console.js:87:23)
    at Console._write (C:\Users\crash\AppData\Roaming\npm\node_modules\firebase-tools\node_modules\winston-transport\modern.js:103:17)
    at doWrite (C:\Users\crash\AppData\Roaming\npm\node_modules\firebase-tools\node_modules\winston-transport\node_modules\readable-stream\lib\_stream_writable.js:390:139)
    at writeOrBuffer (C:\Users\crash\AppData\Roaming\npm\node_modules\firebase-tools\node_modules\winston-transport\node_modules\readable-stream\lib\_stream_writable.js:381:5)
    at Writable.write (C:\Users\crash\AppData\Roaming\npm\node_modules\firebase-tools\node_modules\winston-transport\node_modules\readable-stream\lib\_stream_writable.js:302:11)
    at DerivedLogger.ondata (C:\Users\crash\AppData\Roaming\npm\node_modules\firebase-tools\node_modules\winston\node_modules\readable-stream\lib\_stream_readable.js:629:20)
[error] 
[error] Error: An unexpected error has occurred.
[debug] [2026-07-20T18:11:55.751Z] Error: EPIPE: broken pipe, write
    at Socket._write (node:internal/net:63:18)
    at writeOrBuffer (node:internal/streams/writable:572:12)
    at _write (node:internal/streams/writable:501:10)
    at Writable.write (node:internal/streams/writable:510:10)
    at Console.log (C:\Users\crash\AppData\Roaming\npm\node_modules\firebase-tools\node_modules\winston\lib\winston\transports\console.js:87:23)
    at Console._write (C:\Users\crash\AppData\Roaming\npm\node_modules\firebase-tools\node_modules\winston-transport\modern.js:103:17)
    at doWrite (C:\Users\crash\AppData\Roaming\npm\node_modules\firebase-tools\node_modules\winston-transport\node_modules\readable-stream\lib\_stream_writable.js:390:139)
    at writeOrBuffer (C:\Users\crash\AppData\Roaming\npm\node_modules\firebase-tools\node_modules\winston-transport\node_modules\readable-stream\lib\_stream_writable.js:381:5)
    at Writable.write (C:\Users\crash\AppData\Roaming\npm\node_modules\firebase-tools\node_modules\winston-transport\node_modules\readable-stream\lib\_stream_writable.js:302:11)
    at DerivedLogger.ondata (C:\Users\crash\AppData\Roaming\npm\node_modules\firebase-tools\node_modules\winston\node_modules\readable-stream\lib\_stream_readable.js:629:20)
[error] 
[error] Error: An unexpected error has occurred.
[debug] [2026-07-20T18:11:55.754Z] Error: EPIPE: broken pipe, write
    at Socket._write (node:internal/net:63:18)
    at writeOrBuffer (node:internal/streams/writable:572:12)
    at _write (node:internal/streams/writable:501:10)
    at Writable.write (node:internal/streams/writable:510:10)
    at Console.log (C:\Users\crash\AppData\Roaming\npm\node_modules\firebase-tools\node_modules\winston\lib\winston\transports\console.js:87:23)
    at Console._write (C:\Users\crash\AppData\Roaming\npm\node_modules\firebase-tools\node_modules\winston-transport\modern.js:103:17)
    at doWrite (C:\Users\crash\AppData\Roaming\npm\node_modules\firebase-tools\node_modules\winston-transport\node_modules\readable-stream\lib\_stream_writable.js:390:139)
    at writeOrBuffer (C:\Users\crash\AppData\Roaming\npm\node_modules\firebase-tools\node_modules\winston-transport\node_modules\readable-stream\lib\_stream_writable.js:381:5)
    at Writable.write (C:\Users\crash\AppData\Roaming\npm\node_modules\firebase-tools\node_modules\winston-transport\node_modules\readable-stream\lib\_stream_writable.js:302:11)
    at DerivedLogger.ondata (C:\Users\crash\AppData\Roaming\npm\node_modules\firebase-tools\node_modules\winston\node_modules\readable-stream\lib\_stream_readable.js:629:20)
[error] 
[error] Error: An unexpected error has occurred.
[debug] [2026-07-20T18:11:55.755Z] Error: EPIPE: broken pipe, write
    at Socket._write (node:internal/net:63:18)
    at writeOrBuffer (node:internal/streams/writable:572:12)
    at _write (node:internal/streams/writable:501:10)
    at Writable.write (node:internal/streams/writable:510:10)
    at Console.log (C:\Users\crash\AppData\Roaming\npm\node_modules\firebase-tools\node_modules\winston\lib\winston\transports\console.js:87:23)
    at Console._write (C:\Users\crash\AppData\Roaming\npm\node_modules\firebase-tools\node_modules\winston-transport\modern.js:103:17)
    at doWrite (C:\Users\crash\AppData\Roaming\npm\node_modules\firebase-tools\node_modules\winston-transport\node_modules\readable-stream\lib\_stream_writable.js:390:139)
    at writeOrBuffer (C:\Users\crash\AppData\Roaming\npm\node_modules\firebase-tools\node_modules\winston-transport\node_modules\readable-stream\lib\_stream_writable.js:381:5)
    at Writable.write (C:\Users\crash\AppData\Roaming\npm\node_modules\firebase-tools\node_modules\winston-transport\node_modules\readable-stream\lib\_stream_writable.js:302:11)
    at DerivedLogger.ondata (C:\Users\crash\AppData\Roaming\npm\node_modules\firebase-tools\node_modules\winston\node_modules\readable-stream\lib\_stream_readable.js:629:20)
[error] 
[error] Error: An unexpected error has occurred.
[debug] [2026-07-20T18:11:55.755Z] Error: EPIPE: broken pipe, write
    at Socket._write (node:internal/net:63:18)
    at writeOrBuffer (node:internal/streams/writable:572:12)
    at _write (node:internal/streams/writable:501:10)
    at Writable.write (node:internal/streams/writable:510:10)
    at Console.log (C:\Users\crash\AppData\Roaming\npm\node_modules\firebase-tools\node_modules\winston\lib\winston\transports\console.js:87:23)
    at Console._write (C:\Users\crash\AppData\Roaming\npm\node_modules\firebase-tools\node_modules\winston-transport\modern.js:103:17)
    at doWrite (C:\Users\crash\AppData\Roaming\npm\node_modules\firebase-tools\node_modules\winston-transport\node_modules\readable-stream\lib\_stream_writable.js:390:139)
    at writeOrBuffer (C:\Users\crash\AppData\Roaming\npm\node_modules\firebase-tools\node_modules\winston-transport\node_modules\readable-stream\lib\_stream_writable.js:381:5)
    at Writable.write (C:\Users\crash\AppData\Roaming\npm\node_modules\firebase-tools\node_modules\winston-transport\node_modules\readable-stream\lib\_stream_writable.js:302:11)
    at DerivedLogger.ondata (C:\Users\crash\AppData\Roaming\npm\node_modules\firebase-tools\node_modules\winston\node_modules\readable-stream\lib\_stream_readable.js:629:20)
[error] 
[error] Error: An unexpected error has occurred.
[debug] [2026-07-20T18:11:55.755Z] Error: EPIPE: broken pipe, write
    at Socket._write (node:internal/net:63:18)
    at writeOrBuffer (node:internal/streams/writable:572:12)
    at _write (node:internal/streams/writable:501:10)
    at Writable.write (node:internal/streams/writable:510:10)
    at Console.log (C:\Users\crash\AppData\Roaming\npm\node_modules\firebase-tools\node_modules\winston\lib\winston\transports\console.js:87:23)
    at Console._write (C:\Users\crash\AppData\Roaming\npm\node_modules\firebase-tools\node_modules\winston-transport\modern.js:103:17)
    at doWrite (C:\Users\crash\AppData\Roaming\npm\node_modules\firebase-tools\node_modules\winston-transport\node_modules\readable-stream\lib\_stream_writable.js:390:139)
    at writeOrBuffer (C:\Users\crash\AppData\Roaming\npm\node_modules\firebase-tools\node_modules\winston-transport\node_modules\readable-stream\lib\_stream_writable.js:381:5)
    at Writable.write (C:\Users\crash\AppData\Roaming\npm\node_modules\firebase-tools\node_modules\winston-transport\node_modules\readable-stream\lib\_stream_writable.js:302:11)
    at DerivedLogger.ondata (C:\Users\crash\AppData\Roaming\npm\node_modules\firebase-tools\node_modules\winston\node_modules\readable-stream\lib\_stream_readable.js:629:20)
[error] 
[error] Error: An unexpected error has occurred.
[debug] [2026-07-20T18:11:55.756Z] Error: EPIPE: broken pipe, write
    at Socket._write (node:internal/net:63:18)
    at writeOrBuffer (node:internal/streams/writable:572:12)
    at _write (node:internal/streams/writable:501:10)
    at Writable.write (node:internal/streams/writable:510:10)
    at Console.log (C:\Users\crash\AppData\Roaming\npm\node_modules\firebase-tools\node_modules\winston\lib\winston\transports\console.js:87:23)
    at Console._write (C:\Users\crash\AppData\Roaming\npm\node_modules\firebase-tools\node_modules\winston-transport\modern.js:103:17)
    at doWrite (C:\Users\crash\AppData\Roaming\npm\node_modules\firebase-tools\node_modules\winston-transport\node_modules\readable-stream\lib\_stream_writable.js:390:139)
    at writeOrBuffer (C:\Users\crash\AppData\Roaming\npm\node_modules\firebase-tools\node_modules\winston-transport\node_modules\readable-stream\lib\_stream_writable.js:381:5)
    at Writable.write (C:\Users\crash\AppData\Roaming\npm\node_modules\firebase-tools\node_modules\winston-transport\node_modules\readable-stream\lib\_stream_writable.js:302:11)
    at DerivedLogger.ondata (C:\Users\crash\AppData\Roaming\npm\node_modules\firebase-tools\node_modules\winston\node_modules\readable-stream\lib\_stream_readable.js:629:20)
[error] 
[error] Error: An unexpected error has occurred.
[debug] [2026-07-20T18:11:55.756Z] Error: EPIPE: broken pipe, write
    at Socket._write (node:internal/net:63:18)
    at writeOrBuffer (node:internal/streams/writable:572:12)
    at _write (node:internal/streams/writable:501:10)
    at Writable.write (node:internal/streams/writable:510:10)
    at Console.log (C:\Users\crash\AppData\Roaming\npm\node_modules\firebase-tools\node_modules\winston\lib\winston\transports\console.js:87:23)
    at Console._write (C:\Users\crash\AppData\Roaming\npm\node_modules\firebase-tools\node_modules\winston-transport\modern.js:103:17)
    at doWrite (C:\Users\crash\AppData\Roaming\npm\node_modules\firebase-tools\node_modules\winston-transport\node_modules\readable-stream\lib\_stream_writable.js:390:139)
    at writeOrBuffer (C:\Users\crash\AppData\Roaming\npm\node_modules\firebase-tools\node_modules\winston-transport\node_modules\readable-stream\lib\_stream_writable.js:381:5)
    at Writable.write (C:\Users\crash\AppData\Roaming\npm\node_modules\firebase-tools\node_modules\winston-transport\node_modules\readable-stream\lib\_stream_writable.js:302:11)
    at DerivedLogger.ondata (C:\Users\crash\AppData\Roaming\npm\node_modules\firebase-tools\node_modules\winston\node_modules\readable-stream\lib\_stream_readable.js:629:20)
[error] 
[error] Error: An unexpected error has occurred.
[debug] [2026-07-20T18:11:55.756Z] Error: EPIPE: broken pipe, write
    at Socket._write (node:internal/net:63:18)
    at writeOrBuffer (node:internal/streams/writable:572:12)
    at _write (node:internal/streams/writable:501:10)
    at Writable.write (node:internal/streams/writable:510:10)
    at Console.log (C:\Users\crash\AppData\Roaming\npm\node_modules\firebase-tools\node_modules\winston\lib\winston\transports\console.js:87:23)
    at Console._write (C:\Users\crash\AppData\Roaming\npm\node_modules\firebase-tools\node_modules\winston-transport\modern.js:103:17)
    at doWrite (C:\Users\crash\AppData\Roaming\npm\node_modules\firebase-tools\node_modules\winston-transport\node_modules\readable-stream\lib\_stream_writable.js:390:139)
    at writeOrBuffer (C:\Users\crash\AppData\Roaming\npm\node_modules\firebase-tools\node_modules\winston-transport\node_modules\readable-stream\lib\_stream_writable.js:381:5)
    at Writable.write (C:\Users\crash\AppData\Roaming\npm\node_modules\firebase-tools\node_modules\winston-transport\node_modules\readable-stream\lib\_stream_writable.js:302:11)
    at DerivedLogger.ondata (C:\Users\crash\AppData\Roaming\npm\node_modules\firebase-tools\node_modules\winston\node_modules\readable-stream\lib\_stream_readable.js:629:20)
[error] 
[error] Error: An unexpected error has occurred.
[debug] [2026-07-20T18:11:55.756Z] Error: EPIPE: broken pipe, write
    at Socket._write (node:internal/net:63:18)
    at writeOrBuffer (node:internal/streams/writable:572:12)
    at _write (node:internal/streams/writable:501:10)
    at Writable.write (node:internal/streams/writable:510:10)
    at Console.log (C:\Users\crash\AppData\Roaming\npm\node_modules\firebase-tools\node_modules\winston\lib\winston\transports\console.js:87:23)
    at Console._write (C:\Users\crash\AppData\Roaming\npm\node_modules\firebase-tools\node_modules\winston-transport\modern.js:103:17)
    at doWrite (C:\Users\crash\AppData\Roaming\npm\node_modules\firebase-tools\node_modules\winston-transport\node_modules\readable-stream\lib\_stream_writable.js:390:139)
    at writeOrBuffer (C:\Users\crash\AppData\Roaming\npm\node_modules\firebase-tools\node_modules\winston-transport\node_modules\readable-stream\lib\_stream_writable.js:381:5)
    at Writable.write (C:\Users\crash\AppData\Roaming\npm\node_modules\firebase-tools\node_modules\winston-transport\node_modules\readable-stream\lib\_stream_writable.js:302:11)
    at DerivedLogger.ondata (C:\Users\crash\AppData\Roaming\npm\node_modules\firebase-tools\node_modules\winston\node_modules\readable-stream\lib\_stream_readable.js:629:20)
[error] 
[error] Error: An unexpected error has occurred.
[debug] [2026-07-20T18:11:55.757Z] Error: EPIPE: broken pipe, write
    at Socket._write (node:internal/net:63:18)
    at writeOrBuffer (node:internal/streams/writable:572:12)
    at _write (node:internal/streams/writable:501:10)
    at Writable.write (node:internal/streams/writable:510:10)
    at Console.log (C:\Users\crash\AppData\Roaming\npm\node_modules\firebase-tools\node_modules\winston\lib\winston\transports\console.js:87:23)
    at Console._write (C:\Users\crash\AppData\Roaming\npm\node_modules\firebase-tools\node_modules\winston-transport\modern.js:103:17)
    at doWrite (C:\Users\crash\AppData\Roaming\npm\node_modules\firebase-tools\node_modules\winston-transport\node_modules\readable-stream\lib\_stream_writable.js:390:139)
    at writeOrBuffer (C:\Users\crash\AppData\Roaming\npm\node_modules\firebase-tools\node_modules\winston-transport\node_modules\readable-stream\lib\_stream_writable.js:381:5)
    at Writable.write (C:\Users\crash\AppData\Roaming\npm\node_modules\firebase-tools\node_modules\winston-transport\node_modules\readable-stream\lib\_stream_writable.js:302:11)
    at DerivedLogger.ondata (C:\Users\crash\AppData\Roaming\npm\node_modules\firebase-tools\node_modules\winston\node_modules\readable-stream\lib\_stream_readable.js:629:20)
[error] 
[error] Error: An unexpected error has occurred.
[debug] [2026-07-20T18:11:55.757Z] Error: EPIPE: broken pipe, write
    at Socket._write (node:internal/net:63:18)
    at writeOrBuffer (node:internal/streams/writable:572:12)
    at _write (node:internal/streams/writable:501:10)
    at Writable.write (node:internal/streams/writable:510:10)
    at Console.log (C:\Users\crash\AppData\Roaming\npm\node_modules\firebase-tools\node_modules\winston\lib\winston\transports\console.js:87:23)
    at Console._write (C:\Users\crash\AppData\Roaming\npm\node_modules\firebase-tools\node_modules\winston-transport\modern.js:103:17)
    at doWrite (C:\Users\crash\AppData\Roaming\npm\node_modules\firebase-tools\node_modules\winston-transport\node_modules\readable-stream\lib\_stream_writable.js:390:139)
    at writeOrBuffer (C:\Users\crash\AppData\Roaming\npm\node_modules\firebase-tools\node_modules\winston-transport\node_modules\readable-stream\lib\_stream_writable.js:381:5)
    at Writable.write (C:\Users\crash\AppData\Roaming\npm\node_modules\firebase-tools\node_modules\winston-transport\node_modules\readable-stream\lib\_stream_writable.js:302:11)
    at DerivedLogger.ondata (C:\Users\crash\AppData\Roaming\npm\node_modules\firebase-tools\node_modules\winston\node_modules\readable-stream\lib\_stream_readable.js:629:20)
[error] 
[error] Error: An unexpected error has occurred.
[debug] [2026-07-20T18:11:55.757Z] Error: EPIPE: broken pipe, write
    at Socket._write (node:internal/net:63:18)
    at writeOrBuffer (node:internal/streams/writable:572:12)
    at _write (node:internal/streams/writable:501:10)
    at Writable.write (node:internal/streams/writable:510:10)
    at Console.log (C:\Users\crash\AppData\Roaming\npm\node_modules\firebase-tools\node_modules\winston\lib\winston\transports\console.js:87:23)
    at Console._write (C:\Users\crash\AppData\Roaming\npm\node_modules\firebase-tools\node_modules\winston-transport\modern.js:103:17)
    at doWrite (C:\Users\crash\AppData\Roaming\npm\node_modules\firebase-tools\node_modules\winston-transport\node_modules\readable-stream\lib\_stream_writable.js:390:139)
    at writeOrBuffer (C:\Users\crash\AppData\Roaming\npm\node_modules\firebase-tools\node_modules\winston-transport\node_modules\readable-stream\lib\_stream_writable.js:381:5)
    at Writable.write (C:\Users\crash\AppData\Roaming\npm\node_modules\firebase-tools\node_modules\winston-transport\node_modules\readable-stream\lib\_stream_writable.js:302:11)
    at DerivedLogger.ondata (C:\Users\crash\AppData\Roaming\npm\node_modules\firebase-tools\node_modules\winston\node_modules\readable-stream\lib\_stream_readable.js:629:20)
[error] 
[error] Error: An unexpected error has occurred.
[debug] [2026-07-20T18:11:55.757Z] Error: EPIPE: broken pipe, write
    at Socket._write (node:internal/net:63:18)
    at writeOrBuffer (node:internal/streams/writable:572:12)
    at _write (node:internal/streams/writable:501:10)
    at Writable.write (node:internal/streams/writable:510:10)
    at Console.log (C:\Users\crash\AppData\Roaming\npm\node_modules\firebase-tools\node_modules\winston\lib\winston\transports\console.js:87:23)
    at Console._write (C:\Users\crash\AppData\Roaming\npm\node_modules\firebase-tools\node_modules\winston-transport\modern.js:103:17)
    at doWrite (C:\Users\crash\AppData\Roaming\npm\node_modules\firebase-tools\node_modules\winston-transport\node_modules\readable-stream\lib\_stream_writable.js:390:139)
    at writeOrBuffer (C:\Users\crash\AppData\Roaming\npm\node_modules\firebase-tools\node_modules\winston-transport\node_modules\readable-stream\lib\_stream_writable.js:381:5)
    at Writable.write (C:\Users\crash\AppData\Roaming\npm\node_modules\firebase-tools\node_modules\winston-transport\node_modules\readable-stream\lib\_stream_writable.js:302:11)
    at DerivedLogger.ondata (C:\Users\crash\AppData\Roaming\npm\node_modules\firebase-tools\node_modules\winston\node_modules\readable-stream\lib\_stream_readable.js:629:20)
[error] 
[error] Error: An unexpected error has occurred.
[debug] [2026-07-20T18:11:55.758Z] Error: EPIPE: broken pipe, write
    at Socket._write (node:internal/net:63:18)
    at writeOrBuffer (node:internal/streams/writable:572:12)
    at _write (node:internal/streams/writable:501:10)
    at Writable.write (node:internal/streams/writable:510:10)
    at Console.log (C:\Users\crash\AppData\Roaming\npm\node_modules\firebase-tools\node_modules\winston\lib\winston\transports\console.js:87:23)
    at Console._write (C:\Users\crash\AppData\Roaming\npm\node_modules\firebase-tools\node_modules\winston-transport\modern.js:103:17)
    at doWrite (C:\Users\crash\AppData\Roaming\npm\node_modules\firebase-tools\node_modules\winston-transport\node_modules\readable-stream\lib\_stream_writable.js:390:139)
    at writeOrBuffer (C:\Users\crash\AppData\Roaming\npm\node_modules\firebase-tools\node_modules\winston-transport\node_modules\readable-stream\lib\_stream_writable.js:381:5)
    at Writable.write (C:\Users\crash\AppData\Roaming\npm\node_modules\firebase-tools\node_modules\winston-transport\node_modules\readable-stream\lib\_stream_writable.js:302:11)
    at DerivedLogger.ondata (C:\Users\crash\AppData\Roaming\npm\node_modules\firebase-tools\node_modules\winston\node_modules\readable-stream\lib\_stream_readable.js:629:20)
[error] 
[error] Error: An unexpected error has occurred.
[debug] [2026-07-20T18:11:55.759Z] Error: EPIPE: broken pipe, write
    at Socket._write (node:internal/net:63:18)
    at writeOrBuffer (node:internal/streams/writable:572:12)
    at _write (node:internal/streams/writable:501:10)
    at Writable.write (node:internal/streams/writable:510:10)
    at Console.log (C:\Users\crash\AppData\Roaming\npm\node_modules\firebase-tools\node_modules\winston\lib\winston\transports\console.js:87:23)
    at Console._write (C:\Users\crash\AppData\Roaming\npm\node_modules\firebase-tools\node_modules\winston-transport\modern.js:103:17)
    at doWrite (C:\Users\crash\AppData\Roaming\npm\node_modules\firebase-tools\node_modules\winston-transport\node_modules\readable-stream\lib\_stream_writable.js:390:139)
    at writeOrBuffer (C:\Users\crash\AppData\Roaming\npm\node_modules\firebase-tools\node_modules\winston-transport\node_modules\readable-stream\lib\_stream_writable.js:381:5)
    at Writable.write (C:\Users\crash\AppData\Roaming\npm\node_modules\firebase-tools\node_modules\winston-transport\node_modules\readable-stream\lib\_stream_writable.js:302:11)
    at DerivedLogger.ondata (C:\Users\crash\AppData\Roaming\npm\node_modules\firebase-tools\node_modules\winston\node_modules\readable-stream\lib\_stream_readable.js:629:20)
[error] 
[error] Error: An unexpected error has occurred.
[debug] [2026-07-20T18:11:55.760Z] Error: EPIPE: broken pipe, write
    at Socket._write (node:internal/net:63:18)
    at writeOrBuffer (node:internal/streams/writable:572:12)
    at _write (node:internal/streams/writable:501:10)
    at Writable.write (node:internal/streams/writable:510:10)
    at Console.log (C:\Users\crash\AppData\Roaming\npm\node_modules\firebase-tools\node_modules\winston\lib\winston\transports\console.js:87:23)
    at Console._write (C:\Users\crash\AppData\Roaming\npm\node_modules\firebase-tools\node_modules\winston-transport\modern.js:103:17)
    at doWrite (C:\Users\crash\AppData\Roaming\npm\node_modules\firebase-tools\node_modules\winston-transport\node_modules\readable-stream\lib\_stream_writable.js:390:139)
    at writeOrBuffer (C:\Users\crash\AppData\Roaming\npm\node_modules\firebase-tools\node_modules\winston-transport\node_modules\readable-stream\lib\_stream_writable.js:381:5)
    at Writable.write (C:\Users\crash\AppData\Roaming\npm\node_modules\firebase-tools\node_modules\winston-transport\node_modules\readable-stream\lib\_stream_writable.js:302:11)
    at DerivedLogger.ondata (C:\Users\crash\AppData\Roaming\npm\node_modules\firebase-tools\node_modules\winston\node_modules\readable-stream\lib\_stream_readable.js:629:20)
[error] 
[error] Error: An unexpected error has occurred.
[debug] [2026-07-20T18:11:55.760Z] Error: EPIPE: broken pipe, write
    at Socket._write (node:internal/net:63:18)
    at writeOrBuffer (node:internal/streams/writable:572:12)
    at _write (node:internal/streams/writable:501:10)
    at Writable.write (node:internal/streams/writable:510:10)
    at Console.log (C:\Users\crash\AppData\Roaming\npm\node_modules\firebase-tools\node_modules\winston\lib\winston\transports\console.js:87:23)
    at Console._write (C:\Users\crash\AppData\Roaming\npm\node_modules\firebase-tools\node_modules\winston-transport\modern.js:103:17)
    at doWrite (C:\Users\crash\AppData\Roaming\npm\node_modules\firebase-tools\node_modules\winston-transport\node_modules\readable-stream\lib\_stream_writable.js:390:139)
    at writeOrBuffer (C:\Users\crash\AppData\Roaming\npm\node_modules\firebase-tools\node_modules\winston-transport\node_modules\readable-stream\lib\_stream_writable.js:381:5)
    at Writable.write (C:\Users\crash\AppData\Roaming\npm\node_modules\firebase-tools\node_modules\winston-transport\node_modules\readable-stream\lib\_stream_writable.js:302:11)
    at DerivedLogger.ondata (C:\Users\crash\AppData\Roaming\npm\node_modules\firebase-tools\node_modules\winston\node_modules\readable-stream\lib\_stream_readable.js:629:20)
[error] 
[error] Error: An unexpected error has occurred.
[debug] [2026-07-20T18:11:55.761Z] Error: EPIPE: broken pipe, write
    at Socket._write (node:internal/net:63:18)
    at writeOrBuffer (node:internal/streams/writable:572:12)
    at _write (node:internal/streams/writable:501:10)
    at Writable.write (node:internal/streams/writable:510:10)
    at Console.log (C:\Users\crash\AppData\Roaming\npm\node_modules\firebase-tools\node_modules\winston\lib\winston\transports\console.js:87:23)
    at Console._write (C:\Users\crash\AppData\Roaming\npm\node_modules\firebase-tools\node_modules\winston-transport\modern.js:103:17)
    at doWrite (C:\Users\crash\AppData\Roaming\npm\node_modules\firebase-tools\node_modules\winston-transport\node_modules\readable-stream\lib\_stream_writable.js:390:139)
    at writeOrBuffer (C:\Users\crash\AppData\Roaming\npm\node_modules\firebase-tools\node_modules\winston-transport\node_modules\readable-stream\lib\_stream_writable.js:381:5)
    at Writable.write (C:\Users\crash\AppData\Roaming\npm\node_modules\firebase-tools\node_modules\winston-transport\node_modules\readable-stream\lib\_stream_writable.js:302:11)
    at DerivedLogger.ondata (C:\Users\crash\AppData\Roaming\npm\node_modules\firebase-tools\node_modules\winston\node_modules\readable-stream\lib\_stream_readable.js:629:20)
[error] 
[error] Error: An unexpected error has occurred.
[debug] [2026-07-20T18:11:55.761Z] Error: EPIPE: broken pipe, write
    at Socket._write (node:internal/net:63:18)
    at writeOrBuffer (node:internal/streams/writable:572:12)
    at _write (node:internal/streams/writable:501:10)
    at Writable.write (node:internal/streams/writable:510:10)
    at Console.log (C:\Users\crash\AppData\Roaming\npm\node_modules\firebase-tools\node_modules\winston\lib\winston\transports\console.js:87:23)
    at Console._write (C:\Users\crash\AppData\Roaming\npm\node_modules\firebase-tools\node_modules\winston-transport\modern.js:103:17)
    at doWrite (C:\Users\crash\AppData\Roaming\npm\node_modules\firebase-tools\node_modules\winston-transport\node_modules\readable-stream\lib\_stream_writable.js:390:139)
    at writeOrBuffer (C:\Users\crash\AppData\Roaming\npm\node_modules\firebase-tools\node_modules\winston-transport\node_modules\readable-stream\lib\_stream_writable.js:381:5)
    at Writable.write (C:\Users\crash\AppData\Roaming\npm\node_modules\firebase-tools\node_modules\winston-transport\node_modules\readable-stream\lib\_stream_writable.js:302:11)
    at DerivedLogger.ondata (C:\Users\crash\AppData\Roaming\npm\node_modules\firebase-tools\node_modules\winston\node_modules\readable-stream\lib\_stream_readable.js:629:20)
[error] 
[error] Error: An unexpected error has occurred.
[debug] [2026-07-20T18:11:55.762Z] Error: EPIPE: broken pipe, write
    at Socket._write (node:internal/net:63:18)
    at writeOrBuffer (node:internal/streams/writable:572:12)
    at _write (node:internal/streams/writable:501:10)
    at Writable.write (node:internal/streams/writable:510:10)
    at Console.log (C:\Users\crash\AppData\Roaming\npm\node_modules\firebase-tools\node_modules\winston\lib\winston\transports\console.js:87:23)
    at Console._write (C:\Users\crash\AppData\Roaming\npm\node_modules\firebase-tools\node_modules\winston-transport\modern.js:103:17)
    at doWrite (C:\Users\crash\AppData\Roaming\npm\node_modules\firebase-tools\node_modules\winston-transport\node_modules\readable-stream\lib\_stream_writable.js:390:139)
    at writeOrBuffer (C:\Users\crash\AppData\Roaming\npm\node_modules\firebase-tools\node_modules\winston-transport\node_modules\readable-stream\lib\_stream_writable.js:381:5)
    at Writable.write (C:\Users\crash\AppData\Roaming\npm\node_modules\firebase-tools\node_modules\winston-transport\node_modules\readable-stream\lib\_stream_writable.js:302:11)
    at DerivedLogger.ondata (C:\Users\crash\AppData\Roaming\npm\node_modules\firebase-tools\node_modules\winston\node_modules\readable-stream\lib\_stream_readable.js:629:20)
[error] 
[error] Error: An unexpected error has occurred.
[debug] [2026-07-20T18:11:55.762Z] Error: EPIPE: broken pipe, write
    at Socket._write (node:internal/net:63:18)
    at writeOrBuffer (node:internal/streams/writable:572:12)
    at _write (node:internal/streams/writable:501:10)
    at Writable.write (node:internal/streams/writable:510:10)
    at Console.log (C:\Users\crash\AppData\Roaming\npm\node_modules\firebase-tools\node_modules\winston\lib\winston\transports\console.js:87:23)
    at Console._write (C:\Users\crash\AppData\Roaming\npm\node_modules\firebase-tools\node_modules\winston-transport\modern.js:103:17)
    at doWrite (C:\Users\crash\AppData\Roaming\npm\node_modules\firebase-tools\node_modules\winston-transport\node_modules\readable-stream\lib\_stream_writable.js:390:139)
    at writeOrBuffer (C:\Users\crash\AppData\Roaming\npm\node_modules\firebase-tools\node_modules\winston-transport\node_modules\readable-stream\lib\_stream_writable.js:381:5)
    at Writable.write (C:\Users\crash\AppData\Roaming\npm\node_modules\firebase-tools\node_modules\winston-transport\node_modules\readable-stream\lib\_stream_writable.js:302:11)
    at DerivedLogger.ondata (C:\Users\crash\AppData\Roaming\npm\node_modules\firebase-tools\node_modules\winston\node_modules\readable-stream\lib\_stream_readable.js:629:20)
[error] 
[error] Error: An unexpected error has occurred.
[debug] [2026-07-20T18:11:55.762Z] Error: EPIPE: broken pipe, write
    at Socket._write (node:internal/net:63:18)
    at writeOrBuffer (node:internal/streams/writable:572:12)
    at _write (node:internal/streams/writable:501:10)
    at Writable.write (node:internal/streams/writable:510:10)
    at Console.log (C:\Users\crash\AppData\Roaming\npm\node_modules\firebase-tools\node_modules\winston\lib\winston\transports\console.js:87:23)
    at Console._write (C:\Users\crash\AppData\Roaming\npm\node_modules\firebase-tools\node_modules\winston-transport\modern.js:103:17)
    at doWrite (C:\Users\crash\AppData\Roaming\npm\node_modules\firebase-tools\node_modules\winston-transport\node_modules\readable-stream\lib\_stream_writable.js:390:139)
    at writeOrBuffer (C:\Users\crash\AppData\Roaming\npm\node_modules\firebase-tools\node_modules\winston-transport\node_modules\readable-stream\lib\_stream_writable.js:381:5)
    at Writable.write (C:\Users\crash\AppData\Roaming\npm\node_modules\firebase-tools\node_modules\winston-transport\node_modules\readable-stream\lib\_stream_writable.js:302:11)
    at DerivedLogger.ondata (C:\Users\crash\AppData\Roaming\npm\node_modules\firebase-tools\node_modules\winston\node_modules\readable-stream\lib\_stream_readable.js:629:20)
[error] 
[error] Error: An unexpected error has occurred.
[debug] [2026-07-20T18:11:55.762Z] Error: EPIPE: broken pipe, write
    at Socket._write (node:internal/net:63:18)
    at writeOrBuffer (node:internal/streams/writable:572:12)
    at _write (node:internal/streams/writable:501:10)
    at Writable.write (node:internal/streams/writable:510:10)
    at Console.log (C:\Users\crash\AppData\Roaming\npm\node_modules\firebase-tools\node_modules\winston\lib\winston\transports\console.js:87:23)
    at Console._write (C:\Users\crash\AppData\Roaming\npm\node_modules\firebase-tools\node_modules\winston-transport\modern.js:103:17)
    at doWrite (C:\Users\crash\AppData\Roaming\npm\node_modules\firebase-tools\node_modules\winston-transport\node_modules\readable-stream\lib\_stream_writable.js:390:139)
    at writeOrBuffer (C:\Users\crash\AppData\Roaming\npm\node_modules\firebase-tools\node_modules\winston-transport\node_modules\readable-stream\lib\_stream_writable.js:381:5)
    at Writable.write (C:\Users\crash\AppData\Roaming\npm\node_modules\firebase-tools\node_modules\winston-transport\node_modules\readable-stream\lib\_stream_writable.js:302:11)
    at DerivedLogger.ondata (C:\Users\crash\AppData\Roaming\npm\node_modules\firebase-tools\node_modules\winston\node_modules\readable-stream\lib\_stream_readable.js:629:20)
[error] 
[error] Error: An unexpected error has occurred.
[debug] [2026-07-20T18:11:55.763Z] Error: EPIPE: broken pipe, write
    at Socket._write (node:internal/net:63:18)
    at writeOrBuffer (node:internal/streams/writable:572:12)
    at _write (node:internal/streams/writable:501:10)
    at Writable.write (node:internal/streams/writable:510:10)
    at Console.log (C:\Users\crash\AppData\Roaming\npm\node_modules\firebase-tools\node_modules\winston\lib\winston\transports\console.js:87:23)
    at Console._write (C:\Users\crash\AppData\Roaming\npm\node_modules\firebase-tools\node_modules\winston-transport\modern.js:103:17)
    at doWrite (C:\Users\crash\AppData\Roaming\npm\node_modules\firebase-tools\node_modules\winston-transport\node_modules\readable-stream\lib\_stream_writable.js:390:139)
    at writeOrBuffer (C:\Users\crash\AppData\Roaming\npm\node_modules\firebase-tools\node_modules\winston-transport\node_modules\readable-stream\lib\_stream_writable.js:381:5)
    at Writable.write (C:\Users\crash\AppData\Roaming\npm\node_modules\firebase-tools\node_modules\winston-transport\node_modules\readable-stream\lib\_stream_writable.js:302:11)
    at DerivedLogger.ondata (C:\Users\crash\AppData\Roaming\npm\node_modules\firebase-tools\node_modules\winston\node_modules\readable-stream\lib\_stream_readable.js:629:20)
[error] 
[error] Error: An unexpected error has occurred.
[debug] [2026-07-20T18:11:55.763Z] Error: EPIPE: broken pipe, write
    at Socket._write (node:internal/net:63:18)
    at writeOrBuffer (node:internal/streams/writable:572:12)
    at _write (node:internal/streams/writable:501:10)
    at Writable.write (node:internal/streams/writable:510:10)
    at Console.log (C:\Users\crash\AppData\Roaming\npm\node_modules\firebase-tools\node_modules\winston\lib\winston\transports\console.js:87:23)
    at Console._write (C:\Users\crash\AppData\Roaming\npm\node_modules\firebase-tools\node_modules\winston-transport\modern.js:103:17)
    at doWrite (C:\Users\crash\AppData\Roaming\npm\node_modules\firebase-tools\node_modules\winston-transport\node_modules\readable-stream\lib\_stream_writable.js:390:139)
    at writeOrBuffer (C:\Users\crash\AppData\Roaming\npm\node_modules\firebase-tools\node_modules\winston-transport\node_modules\readable-stream\lib\_stream_writable.js:381:5)
    at Writable.write (C:\Users\crash\AppData\Roaming\npm\node_modules\firebase-tools\node_modules\winston-transport\node_modules\readable-stream\lib\_stream_writable.js:302:11)
    at DerivedLogger.ondata (C:\Users\crash\AppData\Roaming\npm\node_modules\firebase-tools\node_modules\winston\node_modules\readable-stream\lib\_stream_readable.js:629:20)
[error] 
[error] Error: An unexpected error has occurred.
[debug] [2026-07-20T18:11:55.763Z] Error: EPIPE: broken pipe, write
    at Socket._write (node:internal/net:63:18)
    at writeOrBuffer (node:internal/streams/writable:572:12)
    at _write (node:internal/streams/writable:501:10)
    at Writable.write (node:internal/streams/writable:510:10)
    at Console.log (C:\Users\crash\AppData\Roaming\npm\node_modules\firebase-tools\node_modules\winston\lib\winston\transports\console.js:87:23)
    at Console._write (C:\Users\crash\AppData\Roaming\npm\node_modules\firebase-tools\node_modules\winston-transport\modern.js:103:17)
    at doWrite (C:\Users\crash\AppData\Roaming\npm\node_modules\firebase-tools\node_modules\winston-transport\node_modules\readable-stream\lib\_stream_writable.js:390:139)
    at writeOrBuffer (C:\Users\crash\AppData\Roaming\npm\node_modules\firebase-tools\node_modules\winston-transport\node_modules\readable-stream\lib\_stream_writable.js:381:5)
    at Writable.write (C:\Users\crash\AppData\Roaming\npm\node_modules\firebase-tools\node_modules\winston-transport\node_modules\readable-stream\lib\_stream_writable.js:302:11)
    at DerivedLogger.ondata (C:\Users\crash\AppData\Roaming\npm\node_modules\firebase-tools\node_modules\winston\node_modules\readable-stream\lib\_stream_readable.js:629:20)
[error] 
[error] Error: An unexpected error has occurred.
[debug] [2026-07-20T18:11:55.763Z] Error: EPIPE: broken pipe, write
    at Socket._write (node:internal/net:63:18)
    at writeOrBuffer (node:internal/streams/writable:572:12)
    at _write (node:internal/streams/writable:501:10)
    at Writable.write (node:internal/streams/writable:510:10)
    at Console.log (C:\Users\crash\AppData\Roaming\npm\node_modules\firebase-tools\node_modules\winston\lib\winston\transports\console.js:87:23)
    at Console._write (C:\Users\crash\AppData\Roaming\npm\node_modules\firebase-tools\node_modules\winston-transport\modern.js:103:17)
    at doWrite (C:\Users\crash\AppData\Roaming\npm\node_modules\firebase-tools\node_modules\winston-transport\node_modules\readable-stream\lib\_stream_writable.js:390:139)
    at writeOrBuffer (C:\Users\crash\AppData\Roaming\npm\node_modules\firebase-tools\node_modules\winston-transport\node_modules\readable-stream\lib\_stream_writable.js:381:5)
    at Writable.write (C:\Users\crash\AppData\Roaming\npm\node_modules\firebase-tools\node_modules\winston-transport\node_modules\readable-stream\lib\_stream_writable.js:302:11)
    at DerivedLogger.ondata (C:\Users\crash\AppData\Roaming\npm\node_modules\firebase-tools\node_modules\winston\node_modules\readable-stream\lib\_stream_readable.js:629:20)
[error] 
[error] Error: An unexpected error has occurred.
[debug] [2026-07-20T18:11:55.766Z] Error: EPIPE: broken pipe, write
    at Socket._write (node:internal/net:63:18)
    at writeOrBuffer (node:internal/streams/writable:572:12)
    at _write (node:internal/streams/writable:501:10)
    at Writable.write (node:internal/streams/writable:510:10)
    at Console.log (C:\Users\crash\AppData\Roaming\npm\node_modules\firebase-tools\node_modules\winston\lib\winston\transports\console.js:87:23)
    at Console._write (C:\Users\crash\AppData\Roaming\npm\node_modules\firebase-tools\node_modules\winston-transport\modern.js:103:17)
    at doWrite (C:\Users\crash\AppData\Roaming\npm\node_modules\firebase-tools\node_modules\winston-transport\node_modules\readable-stream\lib\_stream_writable.js:390:139)
    at writeOrBuffer (C:\Users\crash\AppData\Roaming\npm\node_modules\firebase-tools\node_modules\winston-transport\node_modules\readable-stream\lib\_stream_writable.js:381:5)
    at Writable.write (C:\Users\crash\AppData\Roaming\npm\node_modules\firebase-tools\node_modules\winston-transport\node_modules\readable-stream\lib\_stream_writable.js:302:11)
    at DerivedLogger.ondata (C:\Users\crash\AppData\Roaming\npm\node_modules\firebase-tools\node_modules\winston\node_modules\readable-stream\lib\_stream_readable.js:629:20)
[error] 
[error] Error: An unexpected error has occurred.
[debug] [2026-07-20T18:11:55.767Z] Error: EPIPE: broken pipe, write
    at Socket._write (node:internal/net:63:18)
    at writeOrBuffer (node:internal/streams/writable:572:12)
    at _write (node:internal/streams/writable:501:10)
    at Writable.write (node:internal/streams/writable:510:10)
    at Console.log (C:\Users\crash\AppData\Roaming\npm\node_modules\firebase-tools\node_modules\winston\lib\winston\transports\console.js:87:23)
    at Console._write (C:\Users\crash\AppData\Roaming\npm\node_modules\firebase-tools\node_modules\winston-transport\modern.js:103:17)
    at doWrite (C:\Users\crash\AppData\Roaming\npm\node_modules\firebase-tools\node_modules\winston-transport\node_modules\readable-stream\lib\_stream_writable.js:390:139)
    at writeOrBuffer (C:\Users\crash\AppData\Roaming\npm\node_modules\firebase-tools\node_modules\winston-transport\node_modules\readable-stream\lib\_stream_writable.js:381:5)
    at Writable.write (C:\Users\crash\AppData\Roaming\npm\node_modules\firebase-tools\node_modules\winston-transport\node_modules\readable-stream\lib\_stream_writable.js:302:11)
    at DerivedLogger.ondata (C:\Users\crash\AppData\Roaming\npm\node_modules\firebase-tools\node_modules\winston\node_modules\readable-stream\lib\_stream_readable.js:629:20)
[error] 
[error] Error: An unexpected error has occurred.
[debug] [2026-07-20T18:11:55.767Z] Error: EPIPE: broken pipe, write
    at Socket._write (node:internal/net:63:18)
    at writeOrBuffer (node:internal/streams/writable:572:12)
    at _write (node:internal/streams/writable:501:10)
    at Writable.write (node:internal/streams/writable:510:10)
    at Console.log (C:\Users\crash\AppData\Roaming\npm\node_modules\firebase-tools\node_modules\winston\lib\winston\transports\console.js:87:23)
    at Console._write (C:\Users\crash\AppData\Roaming\npm\node_modules\firebase-tools\node_modules\winston-transport\modern.js:103:17)
    at doWrite (C:\Users\crash\AppData\Roaming\npm\node_modules\firebase-tools\node_modules\winston-transport\node_modules\readable-stream\lib\_stream_writable.js:390:139)
    at writeOrBuffer (C:\Users\crash\AppData\Roaming\npm\node_modules\firebase-tools\node_modules\winston-transport\node_modules\readable-stream\lib\_stream_writable.js:381:5)
    at Writable.write (C:\Users\crash\AppData\Roaming\npm\node_modules\firebase-tools\node_modules\winston-transport\node_modules\readable-stream\lib\_stream_writable.js:302:11)
    at DerivedLogger.ondata (C:\Users\crash\AppData\Roaming\npm\node_modules\firebase-tools\node_modules\winston\node_modules\readable-stream\lib\_stream_readable.js:629:20)
[error] 
[error] Error: An unexpected error has occurred.
[debug] [2026-07-20T18:11:55.767Z] Error: EPIPE: broken pipe, write
    at Socket._write (node:internal/net:63:18)
    at writeOrBuffer (node:internal/streams/writable:572:12)
    at _write (node:internal/streams/writable:501:10)
    at Writable.write (node:internal/streams/writable:510:10)
    at Console.log (C:\Users\crash\AppData\Roaming\npm\node_modules\firebase-tools\node_modules\winston\lib\winston\transports\console.js:87:23)
    at Console._write (C:\Users\crash\AppData\Roaming\npm\node_modules\firebase-tools\node_modules\winston-transport\modern.js:103:17)
    at doWrite (C:\Users\crash\AppData\Roaming\npm\node_modules\firebase-tools\node_modules\winston-transport\node_modules\readable-stream\lib\_stream_writable.js:390:139)
    at writeOrBuffer (C:\Users\crash\AppData\Roaming\npm\node_modules\firebase-tools\node_modules\winston-transport\node_modules\readable-stream\lib\_stream_writable.js:381:5)
    at Writable.write (C:\Users\crash\AppData\Roaming\npm\node_modules\firebase-tools\node_modules\winston-transport\node_modules\readable-stream\lib\_stream_writable.js:302:11)
    at DerivedLogger.ondata (C:\Users\crash\AppData\Roaming\npm\node_modules\firebase-tools\node_modules\winston\node_modules\readable-stream\lib\_stream_readable.js:629:20)
[error] 
[error] Error: An unexpected error has occurred.
[debug] [2026-07-20T18:11:55.768Z] Error: EPIPE: broken pipe, write
    at Socket._write (node:internal/net:63:18)
    at writeOrBuffer (node:internal/streams/writable:572:12)
    at _write (node:internal/streams/writable:501:10)
    at Writable.write (node:internal/streams/writable:510:10)
    at Console.log (C:\Users\crash\AppData\Roaming\npm\node_modules\firebase-tools\node_modules\winston\lib\winston\transports\console.js:87:23)
    at Console._write (C:\Users\crash\AppData\Roaming\npm\node_modules\firebase-tools\node_modules\winston-transport\modern.js:103:17)
    at doWrite (C:\Users\crash\AppData\Roaming\npm\node_modules\firebase-tools\node_modules\winston-transport\node_modules\readable-stream\lib\_stream_writable.js:390:139)
    at writeOrBuffer (C:\Users\crash\AppData\Roaming\npm\node_modules\firebase-tools\node_modules\winston-transport\node_modules\readable-stream\lib\_stream_writable.js:381:5)
    at Writable.write (C:\Users\crash\AppData\Roaming\npm\node_modules\firebase-tools\node_modules\winston-transport\node_modules\readable-stream\lib\_stream_writable.js:302:11)
    at DerivedLogger.ondata (C:\Users\crash\AppData\Roaming\npm\node_modules\firebase-tools\node_modules\winston\node_modules\readable-stream\lib\_stream_readable.js:629:20)
[error] 
[error] Error: An unexpected error has occurred.
[debug] [2026-07-20T18:11:55.768Z] Error: EPIPE: broken pipe, write
    at Socket._write (node:internal/net:63:18)
    at writeOrBuffer (node:internal/streams/writable:572:12)
    at _write (node:internal/streams/writable:501:10)
    at Writable.write (node:internal/streams/writable:510:10)
    at Console.log (C:\Users\crash\AppData\Roaming\npm\node_modules\firebase-tools\node_modules\winston\lib\winston\transports\console.js:87:23)
    at Console._write (C:\Users\crash\AppData\Roaming\npm\node_modules\firebase-tools\node_modules\winston-transport\modern.js:103:17)
    at doWrite (C:\Users\crash\AppData\Roaming\npm\node_modules\firebase-tools\node_modules\winston-transport\node_modules\readable-stream\lib\_stream_writable.js:390:139)
    at writeOrBuffer (C:\Users\crash\AppData\Roaming\npm\node_modules\firebase-tools\node_modules\winston-transport\node_modules\readable-stream\lib\_stream_writable.js:381:5)
    at Writable.write (C:\Users\crash\AppData\Roaming\npm\node_modules\firebase-tools\node_modules\winston-transport\node_modules\readable-stream\lib\_stream_writable.js:302:11)
    at DerivedLogger.ondata (C:\Users\crash\AppData\Roaming\npm\node_modules\firebase-tools\node_modules\winston\node_modules\readable-stream\lib\_stream_readable.js:629:20)
[error] 
[error] Error: An unexpected error has occurred.
[debug] [2026-07-20T18:11:55.768Z] Error: EPIPE: broken pipe, write
    at Socket._write (node:internal/net:63:18)
    at writeOrBuffer (node:internal/streams/writable:572:12)
    at _write (node:internal/streams/writable:501:10)
    at Writable.write (node:internal/streams/writable:510:10)
    at Console.log (C:\Users\crash\AppData\Roaming\npm\node_modules\firebase-tools\node_modules\winston\lib\winston\transports\console.js:87:23)
    at Console._write (C:\Users\crash\AppData\Roaming\npm\node_modules\firebase-tools\node_modules\winston-transport\modern.js:103:17)
    at doWrite (C:\Users\crash\AppData\Roaming\npm\node_modules\firebase-tools\node_modules\winston-transport\node_modules\readable-stream\lib\_stream_writable.js:390:139)
    at writeOrBuffer (C:\Users\crash\AppData\Roaming\npm\node_modules\firebase-tools\node_modules\winston-transport\node_modules\readable-stream\lib\_stream_writable.js:381:5)
    at Writable.write (C:\Users\crash\AppData\Roaming\npm\node_modules\firebase-tools\node_modules\winston-transport\node_modules\readable-stream\lib\_stream_writable.js:302:11)
    at DerivedLogger.ondata (C:\Users\crash\AppData\Roaming\npm\node_modules\firebase-tools\node_modules\winston\node_modules\readable-stream\lib\_stream_readable.js:629:20)
[error] 
[error] Error: An unexpected error has occurred.
[debug] [2026-07-20T18:11:55.769Z] Error: EPIPE: broken pipe, write
    at Socket._write (node:internal/net:63:18)
    at writeOrBuffer (node:internal/streams/writable:572:12)
    at _write (node:internal/streams/writable:501:10)
    at Writable.write (node:internal/streams/writable:510:10)
    at Console.log (C:\Users\crash\AppData\Roaming\npm\node_modules\firebase-tools\node_modules\winston\lib\winston\transports\console.js:87:23)
    at Console._write (C:\Users\crash\AppData\Roaming\npm\node_modules\firebase-tools\node_modules\winston-transport\modern.js:103:17)
    at doWrite (C:\Users\crash\AppData\Roaming\npm\node_modules\firebase-tools\node_modules\winston-transport\node_modules\readable-stream\lib\_stream_writable.js:390:139)
    at writeOrBuffer (C:\Users\crash\AppData\Roaming\npm\node_modules\firebase-tools\node_modules\winston-transport\node_modules\readable-stream\lib\_stream_writable.js:381:5)
    at Writable.write (C:\Users\crash\AppData\Roaming\npm\node_modules\firebase-tools\node_modules\winston-transport\node_modules\readable-stream\lib\_stream_writable.js:302:11)
    at DerivedLogger.ondata (C:\Users\crash\AppData\Roaming\npm\node_modules\firebase-tools\node_modules\winston\node_modules\readable-stream\lib\_stream_readable.js:629:20)
[error] 
[error] Error: An unexpected error has occurred.
[debug] [2026-07-20T18:11:55.769Z] Error: EPIPE: broken pipe, write
    at Socket._write (node:internal/net:63:18)
    at writeOrBuffer (node:internal/streams/writable:572:12)
    at _write (node:internal/streams/writable:501:10)
    at Writable.write (node:internal/streams/writable:510:10)
    at Console.log (C:\Users\crash\AppData\Roaming\npm\node_modules\firebase-tools\node_modules\winston\lib\winston\transports\console.js:87:23)
    at Console._write (C:\Users\crash\AppData\Roaming\npm\node_modules\firebase-tools\node_modules\winston-transport\modern.js:103:17)
    at doWrite (C:\Users\crash\AppData\Roaming\npm\node_modules\firebase-tools\node_modules\winston-transport\node_modules\readable-stream\lib\_stream_writable.js:390:139)
    at writeOrBuffer (C:\Users\crash\AppData\Roaming\npm\node_modules\firebase-tools\node_modules\winston-transport\node_modules\readable-stream\lib\_stream_writable.js:381:5)
    at Writable.write (C:\Users\crash\AppData\Roaming\npm\node_modules\firebase-tools\node_modules\winston-transport\node_modules\readable-stream\lib\_stream_writable.js:302:11)
    at DerivedLogger.ondata (C:\Users\crash\AppData\Roaming\npm\node_modules\firebase-tools\node_modules\winston\node_modules\readable-stream\lib\_stream_readable.js:629:20)
[error] 
[error] Error: An unexpected error has occurred.
[debug] [2026-07-20T18:11:55.769Z] Error: EPIPE: broken pipe, write
    at Socket._write (node:internal/net:63:18)
    at writeOrBuffer (node:internal/streams/writable:572:12)
    at _write (node:internal/streams/writable:501:10)
    at Writable.write (node:internal/streams/writable:510:10)
    at Console.log (C:\Users\crash\AppData\Roaming\npm\node_modules\firebase-tools\node_modules\winston\lib\winston\transports\console.js:87:23)
    at Console._write (C:\Users\crash\AppData\Roaming\npm\node_modules\firebase-tools\node_modules\winston-transport\modern.js:103:17)
    at doWrite (C:\Users\crash\AppData\Roaming\npm\node_modules\firebase-tools\node_modules\winston-transport\node_modules\readable-stream\lib\_stream_writable.js:390:139)
    at writeOrBuffer (C:\Users\crash\AppData\Roaming\npm\node_modules\firebase-tools\node_modules\winston-transport\node_modules\readable-stream\lib\_stream_writable.js:381:5)
    at Writable.write (C:\Users\crash\AppData\Roaming\npm\node_modules\firebase-tools\node_modules\winston-transport\node_modules\readable-stream\lib\_stream_writable.js:302:11)
    at DerivedLogger.ondata (C:\Users\crash\AppData\Roaming\npm\node_modules\firebase-tools\node_modules\winston\node_modules\readable-stream\lib\_stream_readable.js:629:20)
[error] 
[error] Error: An unexpected error has occurred.
[debug] [2026-07-20T18:11:55.769Z] Error: EPIPE: broken pipe, write
    at Socket._write (node:internal/net:63:18)
    at writeOrBuffer (node:internal/streams/writable:572:12)
    at _write (node:internal/streams/writable:501:10)
    at Writable.write (node:internal/streams/writable:510:10)
    at Console.log (C:\Users\crash\AppData\Roaming\npm\node_modules\firebase-tools\node_modules\winston\lib\winston\transports\console.js:87:23)
    at Console._write (C:\Users\crash\AppData\Roaming\npm\node_modules\firebase-tools\node_modules\winston-transport\modern.js:103:17)
    at doWrite (C:\Users\crash\AppData\Roaming\npm\node_modules\firebase-tools\node_modules\winston-transport\node_modules\readable-stream\lib\_stream_writable.js:390:139)
    at writeOrBuffer (C:\Users\crash\AppData\Roaming\npm\node_modules\firebase-tools\node_modules\winston-transport\node_modules\readable-stream\lib\_stream_writable.js:381:5)
    at Writable.write (C:\Users\crash\AppData\Roaming\npm\node_modules\firebase-tools\node_modules\winston-transport\node_modules\readable-stream\lib\_stream_writable.js:302:11)
    at DerivedLogger.ondata (C:\Users\crash\AppData\Roaming\npm\node_modules\firebase-tools\node_modules\winston\node_modules\readable-stream\lib\_stream_readable.js:629:20)
[error] 
[error] Error: An unexpected error has occurred.
[debug] [2026-07-20T18:11:55.770Z] Error: EPIPE: broken pipe, write
    at Socket._write (node:internal/net:63:18)
    at writeOrBuffer (node:internal/streams/writable:572:12)
    at _write (node:internal/streams/writable:501:10)
    at Writable.write (node:internal/streams/writable:510:10)
    at Console.log (C:\Users\crash\AppData\Roaming\npm\node_modules\firebase-tools\node_modules\winston\lib\winston\transports\console.js:87:23)
    at Console._write (C:\Users\crash\AppData\Roaming\npm\node_modules\firebase-tools\node_modules\winston-transport\modern.js:103:17)
    at doWrite (C:\Users\crash\AppData\Roaming\npm\node_modules\firebase-tools\node_modules\winston-transport\node_modules\readable-stream\lib\_stream_writable.js:390:139)
    at writeOrBuffer (C:\Users\crash\AppData\Roaming\npm\node_modules\firebase-tools\node_modules\winston-transport\node_modules\readable-stream\lib\_stream_writable.js:381:5)
    at Writable.write (C:\Users\crash\AppData\Roaming\npm\node_modules\firebase-tools\node_modules\winston-transport\node_modules\readable-stream\lib\_stream_writable.js:302:11)
    at DerivedLogger.ondata (C:\Users\crash\AppData\Roaming\npm\node_modules\firebase-tools\node_modules\winston\node_modules\readable-stream\lib\_stream_readable.js:629:20)
[error] 
[error] Error: An unexpected error has occurred.
[debug] [2026-07-20T18:11:55.770Z] Error: EPIPE: broken pipe, write
    at Socket._write (node:internal/net:63:18)
    at writeOrBuffer (node:internal/streams/writable:572:12)
    at _write (node:internal/streams/writable:501:10)
    at Writable.write (node:internal/streams/writable:510:10)
    at Console.log (C:\Users\crash\AppData\Roaming\npm\node_modules\firebase-tools\node_modules\winston\lib\winston\transports\console.js:87:23)
    at Console._write (C:\Users\crash\AppData\Roaming\npm\node_modules\firebase-tools\node_modules\winston-transport\modern.js:103:17)
    at doWrite (C:\Users\crash\AppData\Roaming\npm\node_modules\firebase-tools\node_modules\winston-transport\node_modules\readable-stream\lib\_stream_writable.js:390:139)
    at writeOrBuffer (C:\Users\crash\AppData\Roaming\npm\node_modules\firebase-tools\node_modules\winston-transport\node_modules\readable-stream\lib\_stream_writable.js:381:5)
    at Writable.write (C:\Users\crash\AppData\Roaming\npm\node_modules\firebase-tools\node_modules\winston-transport\node_modules\readable-stream\lib\_stream_writable.js:302:11)
    at DerivedLogger.ondata (C:\Users\crash\AppData\Roaming\npm\node_modules\firebase-tools\node_modules\winston\node_modules\readable-stream\lib\_stream_readable.js:629:20)
[error] 
[error] Error: An unexpected error has occurred.
[debug] [2026-07-20T18:11:55.775Z] Error: EPIPE: broken pipe, write
    at Socket._write (node:internal/net:63:18)
    at writeOrBuffer (node:internal/streams/writable:572:12)
    at _write (node:internal/streams/writable:501:10)
    at Writable.write (node:internal/streams/writable:510:10)
    at Console.log (C:\Users\crash\AppData\Roaming\npm\node_modules\firebase-tools\node_modules\winston\lib\winston\transports\console.js:87:23)
    at Console._write (C:\Users\crash\AppData\Roaming\npm\node_modules\firebase-tools\node_modules\winston-transport\modern.js:103:17)
    at doWrite (C:\Users\crash\AppData\Roaming\npm\node_modules\firebase-tools\node_modules\winston-transport\node_modules\readable-stream\lib\_stream_writable.js:390:139)
    at writeOrBuffer (C:\Users\crash\AppData\Roaming\npm\node_modules\firebase-tools\node_modules\winston-transport\node_modules\readable-stream\lib\_stream_writable.js:381:5)
    at Writable.write (C:\Users\crash\AppData\Roaming\npm\node_modules\firebase-tools\node_modules\winston-transport\node_modules\readable-stream\lib\_stream_writable.js:302:11)
    at DerivedLogger.ondata (C:\Users\crash\AppData\Roaming\npm\node_modules\firebase-tools\node_modules\winston\node_modules\readable-stream\lib\_stream_readable.js:629:20)
[error] 
[error] Error: An unexpected error has occurred.
[debug] [2026-07-20T18:11:55.776Z] Error: EPIPE: broken pipe, write
    at Socket._write (node:internal/net:63:18)
    at writeOrBuffer (node:internal/streams/writable:572:12)
    at _write (node:internal/streams/writable:501:10)
    at Writable.write (node:internal/streams/writable:510:10)
    at Console.log (C:\Users\crash\AppData\Roaming\npm\node_modules\firebase-tools\node_modules\winston\lib\winston\transports\console.js:87:23)
    at Console._write (C:\Users\crash\AppData\Roaming\npm\node_modules\firebase-tools\node_modules\winston-transport\modern.js:103:17)
    at doWrite (C:\Users\crash\AppData\Roaming\npm\node_modules\firebase-tools\node_modules\winston-transport\node_modules\readable-stream\lib\_stream_writable.js:390:139)
    at writeOrBuffer (C:\Users\crash\AppData\Roaming\npm\node_modules\firebase-tools\node_modules\winston-transport\node_modules\readable-stream\lib\_stream_writable.js:381:5)
    at Writable.write (C:\Users\crash\AppData\Roaming\npm\node_modules\firebase-tools\node_modules\winston-transport\node_modules\readable-stream\lib\_stream_writable.js:302:11)
    at DerivedLogger.ondata (C:\Users\crash\AppData\Roaming\npm\node_modules\firebase-tools\node_modules\winston\node_modules\readable-stream\lib\_stream_readable.js:629:20)
[error] 
[error] Error: An unexpected error has occurred.
[debug] [2026-07-20T18:11:55.777Z] Error: EPIPE: broken pipe, write
    at Socket._write (node:internal/net:63:18)
    at writeOrBuffer (node:internal/streams/writable:572:12)
    at _write (node:internal/streams/writable:501:10)
    at Writable.write (node:internal/streams/writable:510:10)
    at Console.log (C:\Users\crash\AppData\Roaming\npm\node_modules\firebase-tools\node_modules\winston\lib\winston\transports\console.js:87:23)
    at Console._write (C:\Users\crash\AppData\Roaming\npm\node_modules\firebase-tools\node_modules\winston-transport\modern.js:103:17)
    at doWrite (C:\Users\crash\AppData\Roaming\npm\node_modules\firebase-tools\node_modules\winston-transport\node_modules\readable-stream\lib\_stream_writable.js:390:139)
    at writeOrBuffer (C:\Users\crash\AppData\Roaming\npm\node_modules\firebase-tools\node_modules\winston-transport\node_modules\readable-stream\lib\_stream_writable.js:381:5)
    at Writable.write (C:\Users\crash\AppData\Roaming\npm\node_modules\firebase-tools\node_modules\winston-transport\node_modules\readable-stream\lib\_stream_writable.js:302:11)
    at DerivedLogger.ondata (C:\Users\crash\AppData\Roaming\npm\node_modules\firebase-tools\node_modules\winston\node_modules\readable-stream\lib\_stream_readable.js:629:20)
[error] 
[error] Error: An unexpected error has occurred.
[debug] [2026-07-20T18:11:55.777Z] Error: EPIPE: broken pipe, write
    at Socket._write (node:internal/net:63:18)
    at writeOrBuffer (node:internal/streams/writable:572:12)
    at _write (node:internal/streams/writable:501:10)
    at Writable.write (node:internal/streams/writable:510:10)
    at Console.log (C:\Users\crash\AppData\Roaming\npm\node_modules\firebase-tools\node_modules\winston\lib\winston\transports\console.js:87:23)
    at Console._write (C:\Users\crash\AppData\Roaming\npm\node_modules\firebase-tools\node_modules\winston-transport\modern.js:103:17)
    at doWrite (C:\Users\crash\AppData\Roaming\npm\node_modules\firebase-tools\node_modules\winston-transport\node_modules\readable-stream\lib\_stream_writable.js:390:139)
    at writeOrBuffer (C:\Users\crash\AppData\Roaming\npm\node_modules\firebase-tools\node_modules\winston-transport\node_modules\readable-stream\lib\_stream_writable.js:381:5)
    at Writable.write (C:\Users\crash\AppData\Roaming\npm\node_modules\firebase-tools\node_modules\winston-transport\node_modules\readable-stream\lib\_stream_writable.js:302:11)
    at DerivedLogger.ondata (C:\Users\crash\AppData\Roaming\npm\node_modules\firebase-tools\node_modules\winston\node_modules\readable-stream\lib\_stream_readable.js:629:20)
[error] 
[error] Error: An unexpected error has occurred.
[debug] [2026-07-20T18:11:55.778Z] Error: EPIPE: broken pipe, write
    at Socket._write (node:internal/net:63:18)
    at writeOrBuffer (node:internal/streams/writable:572:12)
    at _write (node:internal/streams/writable:501:10)
    at Writable.write (node:internal/streams/writable:510:10)
    at Console.log (C:\Users\crash\AppData\Roaming\npm\node_modules\firebase-tools\node_modules\winston\lib\winston\transports\console.js:87:23)
    at Console._write (C:\Users\crash\AppData\Roaming\npm\node_modules\firebase-tools\node_modules\winston-transport\modern.js:103:17)
    at doWrite (C:\Users\crash\AppData\Roaming\npm\node_modules\firebase-tools\node_modules\winston-transport\node_modules\readable-stream\lib\_stream_writable.js:390:139)
    at writeOrBuffer (C:\Users\crash\AppData\Roaming\npm\node_modules\firebase-tools\node_modules\winston-transport\node_modules\readable-stream\lib\_stream_writable.js:381:5)
    at Writable.write (C:\Users\crash\AppData\Roaming\npm\node_modules\firebase-tools\node_modules\winston-transport\node_modules\readable-stream\lib\_stream_writable.js:302:11)
    at DerivedLogger.ondata (C:\Users\crash\AppData\Roaming\npm\node_modules\firebase-tools\node_modules\winston\node_modules\readable-stream\lib\_stream_readable.js:629:20)
[error] 
[error] Error: An unexpected error has occurred.
[debug] [2026-07-20T18:11:55.778Z] Error: EPIPE: broken pipe, write
    at Socket._write (node:internal/net:63:18)
    at writeOrBuffer (node:internal/streams/writable:572:12)
    at _write (node:internal/streams/writable:501:10)
    at Writable.write (node:internal/streams/writable:510:10)
    at Console.log (C:\Users\crash\AppData\Roaming\npm\node_modules\firebase-tools\node_modules\winston\lib\winston\transports\console.js:87:23)
    at Console._write (C:\Users\crash\AppData\Roaming\npm\node_modules\firebase-tools\node_modules\winston-transport\modern.js:103:17)
    at doWrite (C:\Users\crash\AppData\Roaming\npm\node_modules\firebase-tools\node_modules\winston-transport\node_modules\readable-stream\lib\_stream_writable.js:390:139)
    at writeOrBuffer (C:\Users\crash\AppData\Roaming\npm\node_modules\firebase-tools\node_modules\winston-transport\node_modules\readable-stream\lib\_stream_writable.js:381:5)
    at Writable.write (C:\Users\crash\AppData\Roaming\npm\node_modules\firebase-tools\node_modules\winston-transport\node_modules\readable-stream\lib\_stream_writable.js:302:11)
    at DerivedLogger.ondata (C:\Users\crash\AppData\Roaming\npm\node_modules\firebase-tools\node_modules\winston\node_modules\readable-stream\lib\_stream_readable.js:629:20)
[error] 
[error] Error: An unexpected error has occurred.
[debug] [2026-07-20T18:11:55.779Z] Error: EPIPE: broken pipe, write
    at Socket._write (node:internal/net:63:18)
    at writeOrBuffer (node:internal/streams/writable:572:12)
    at _write (node:internal/streams/writable:501:10)
    at Writable.write (node:internal/streams/writable:510:10)
    at Console.log (C:\Users\crash\AppData\Roaming\npm\node_modules\firebase-tools\node_modules\winston\lib\winston\transports\console.js:87:23)
    at Console._write (C:\Users\crash\AppData\Roaming\npm\node_modules\firebase-tools\node_modules\winston-transport\modern.js:103:17)
    at doWrite (C:\Users\crash\AppData\Roaming\npm\node_modules\firebase-tools\node_modules\winston-transport\node_modules\readable-stream\lib\_stream_writable.js:390:139)
    at writeOrBuffer (C:\Users\crash\AppData\Roaming\npm\node_modules\firebase-tools\node_modules\winston-transport\node_modules\readable-stream\lib\_stream_writable.js:381:5)
    at Writable.write (C:\Users\crash\AppData\Roaming\npm\node_modules\firebase-tools\node_modules\winston-transport\node_modules\readable-stream\lib\_stream_writable.js:302:11)
    at DerivedLogger.ondata (C:\Users\crash\AppData\Roaming\npm\node_modules\firebase-tools\node_modules\winston\node_modules\readable-stream\lib\_stream_readable.js:629:20)
[error] 
[error] Error: An unexpected error has occurred.
[debug] [2026-07-20T18:11:55.779Z] Error: EPIPE: broken pipe, write
    at Socket._write (node:internal/net:63:18)
    at writeOrBuffer (node:internal/streams/writable:572:12)
    at _write (node:internal/streams/writable:501:10)
    at Writable.write (node:internal/streams/writable:510:10)
    at Console.log (C:\Users\crash\AppData\Roaming\npm\node_modules\firebase-tools\node_modules\winston\lib\winston\transports\console.js:87:23)
    at Console._write (C:\Users\crash\AppData\Roaming\npm\node_modules\firebase-tools\node_modules\winston-transport\modern.js:103:17)
    at doWrite (C:\Users\crash\AppData\Roaming\npm\node_modules\firebase-tools\node_modules\winston-transport\node_modules\readable-stream\lib\_stream_writable.js:390:139)
    at writeOrBuffer (C:\Users\crash\AppData\Roaming\npm\node_modules\firebase-tools\node_modules\winston-transport\node_modules\readable-stream\lib\_stream_writable.js:381:5)
    at Writable.write (C:\Users\crash\AppData\Roaming\npm\node_modules\firebase-tools\node_modules\winston-transport\node_modules\readable-stream\lib\_stream_writable.js:302:11)
    at DerivedLogger.ondata (C:\Users\crash\AppData\Roaming\npm\node_modules\firebase-tools\node_modules\winston\node_modules\readable-stream\lib\_stream_readable.js:629:20)
[error] 
[error] Error: An unexpected error has occurred.
[debug] [2026-07-20T18:11:55.780Z] Error: EPIPE: broken pipe, write
    at Socket._write (node:internal/net:63:18)
    at writeOrBuffer (node:internal/streams/writable:572:12)
    at _write (node:internal/streams/writable:501:10)
    at Writable.write (node:internal/streams/writable:510:10)
    at Console.log (C:\Users\crash\AppData\Roaming\npm\node_modules\firebase-tools\node_modules\winston\lib\winston\transports\console.js:87:23)
    at Console._write (C:\Users\crash\AppData\Roaming\npm\node_modules\firebase-tools\node_modules\winston-transport\modern.js:103:17)
    at doWrite (C:\Users\crash\AppData\Roaming\npm\node_modules\firebase-tools\node_modules\winston-transport\node_modules\readable-stream\lib\_stream_writable.js:390:139)
    at writeOrBuffer (C:\Users\crash\AppData\Roaming\npm\node_modules\firebase-tools\node_modules\winston-transport\node_modules\readable-stream\lib\_stream_writable.js:381:5)
    at Writable.write (C:\Users\crash\AppData\Roaming\npm\node_modules\firebase-tools\node_modules\winston-transport\node_modules\readable-stream\lib\_stream_writable.js:302:11)
    at DerivedLogger.ondata (C:\Users\crash\AppData\Roaming\npm\node_modules\firebase-tools\node_modules\winston\node_modules\readable-stream\lib\_stream_readable.js:629:20)
[error] 
[error] Error: An unexpected error has occurred.
[debug] [2026-07-20T18:11:55.780Z] Error: EPIPE: broken pipe, write
    at Socket._write (node:internal/net:63:18)
    at writeOrBuffer (node:internal/streams/writable:572:12)
    at _write (node:internal/streams/writable:501:10)
    at Writable.write (node:internal/streams/writable:510:10)
    at Console.log (C:\Users\crash\AppData\Roaming\npm\node_modules\firebase-tools\node_modules\winston\lib\winston\transports\console.js:87:23)
    at Console._write (C:\Users\crash\AppData\Roaming\npm\node_modules\firebase-tools\node_modules\winston-transport\modern.js:103:17)
    at doWrite (C:\Users\crash\AppData\Roaming\npm\node_modules\firebase-tools\node_modules\winston-transport\node_modules\readable-stream\lib\_stream_writable.js:390:139)
    at writeOrBuffer (C:\Users\crash\AppData\Roaming\npm\node_modules\firebase-tools\node_modules\winston-transport\node_modules\readable-stream\lib\_stream_writable.js:381:5)
    at Writable.write (C:\Users\crash\AppData\Roaming\npm\node_modules\firebase-tools\node_modules\winston-transport\node_modules\readable-stream\lib\_stream_writable.js:302:11)
    at DerivedLogger.ondata (C:\Users\crash\AppData\Roaming\npm\node_modules\firebase-tools\node_modules\winston\node_modules\readable-stream\lib\_stream_readable.js:629:20)
[error] 
[error] Error: An unexpected error has occurred.
[debug] [2026-07-20T18:11:55.780Z] Error: EPIPE: broken pipe, write
    at Socket._write (node:internal/net:63:18)
    at writeOrBuffer (node:internal/streams/writable:572:12)
    at _write (node:internal/streams/writable:501:10)
    at Writable.write (node:internal/streams/writable:510:10)
    at Console.log (C:\Users\crash\AppData\Roaming\npm\node_modules\firebase-tools\node_modules\winston\lib\winston\transports\console.js:87:23)
    at Console._write (C:\Users\crash\AppData\Roaming\npm\node_modules\firebase-tools\node_modules\winston-transport\modern.js:103:17)
    at doWrite (C:\Users\crash\AppData\Roaming\npm\node_modules\firebase-tools\node_modules\winston-transport\node_modules\readable-stream\lib\_stream_writable.js:390:139)
    at writeOrBuffer (C:\Users\crash\AppData\Roaming\npm\node_modules\firebase-tools\node_modules\winston-transport\node_modules\readable-stream\lib\_stream_writable.js:381:5)
    at Writable.write (C:\Users\crash\AppData\Roaming\npm\node_modules\firebase-tools\node_modules\winston-transport\node_modules\readable-stream\lib\_stream_writable.js:302:11)
    at DerivedLogger.ondata (C:\Users\crash\AppData\Roaming\npm\node_modules\firebase-tools\node_modules\winston\node_modules\readable-stream\lib\_stream_readable.js:629:20)
[error] 
[error] Error: An unexpected error has occurred.
[debug] [2026-07-20T18:11:55.781Z] Error: EPIPE: broken pipe, write
    at Socket._write (node:internal/net:63:18)
    at writeOrBuffer (node:internal/streams/writable:572:12)
    at _write (node:internal/streams/writable:501:10)
    at Writable.write (node:internal/streams/writable:510:10)
    at Console.log (C:\Users\crash\AppData\Roaming\npm\node_modules\firebase-tools\node_modules\winston\lib\winston\transports\console.js:87:23)
    at Console._write (C:\Users\crash\AppData\Roaming\npm\node_modules\firebase-tools\node_modules\winston-transport\modern.js:103:17)
    at doWrite (C:\Users\crash\AppData\Roaming\npm\node_modules\firebase-tools\node_modules\winston-transport\node_modules\readable-stream\lib\_stream_writable.js:390:139)
    at writeOrBuffer (C:\Users\crash\AppData\Roaming\npm\node_modules\firebase-tools\node_modules\winston-transport\node_modules\readable-stream\lib\_stream_writable.js:381:5)
    at Writable.write (C:\Users\crash\AppData\Roaming\npm\node_modules\firebase-tools\node_modules\winston-transport\node_modules\readable-stream\lib\_stream_writable.js:302:11)
    at DerivedLogger.ondata (C:\Users\crash\AppData\Roaming\npm\node_modules\firebase-tools\node_modules\winston\node_modules\readable-stream\lib\_stream_readable.js:629:20)
[error] 
[error] Error: An unexpected error has occurred.
[debug] [2026-07-20T18:11:55.781Z] Error: EPIPE: broken pipe, write
    at Socket._write (node:internal/net:63:18)
    at writeOrBuffer (node:internal/streams/writable:572:12)
    at _write (node:internal/streams/writable:501:10)
    at Writable.write (node:internal/streams/writable:510:10)
    at Console.log (C:\Users\crash\AppData\Roaming\npm\node_modules\firebase-tools\node_modules\winston\lib\winston\transports\console.js:87:23)
    at Console._write (C:\Users\crash\AppData\Roaming\npm\node_modules\firebase-tools\node_modules\winston-transport\modern.js:103:17)
    at doWrite (C:\Users\crash\AppData\Roaming\npm\node_modules\firebase-tools\node_modules\winston-transport\node_modules\readable-stream\lib\_stream_writable.js:390:139)
    at writeOrBuffer (C:\Users\crash\AppData\Roaming\npm\node_modules\firebase-tools\node_modules\winston-transport\node_modules\readable-stream\lib\_stream_writable.js:381:5)
    at Writable.write (C:\Users\crash\AppData\Roaming\npm\node_modules\firebase-tools\node_modules\winston-transport\node_modules\readable-stream\lib\_stream_writable.js:302:11)
    at DerivedLogger.ondata (C:\Users\crash\AppData\Roaming\npm\node_modules\firebase-tools\node_modules\winston\node_modules\readable-stream\lib\_stream_readable.js:629:20)
[error] 
[error] Error: An unexpected error has occurred.
[debug] [2026-07-20T18:11:55.782Z] Error: EPIPE: broken pipe, write
    at Socket._write (node:internal/net:63:18)
    at writeOrBuffer (node:internal/streams/writable:572:12)
    at _write (node:internal/streams/writable:501:10)
    at Writable.write (node:internal/streams/writable:510:10)
    at Console.log (C:\Users\crash\AppData\Roaming\npm\node_modules\firebase-tools\node_modules\winston\lib\winston\transports\console.js:87:23)
    at Console._write (C:\Users\crash\AppData\Roaming\npm\node_modules\firebase-tools\node_modules\winston-transport\modern.js:103:17)
    at doWrite (C:\Users\crash\AppData\Roaming\npm\node_modules\firebase-tools\node_modules\winston-transport\node_modules\readable-stream\lib\_stream_writable.js:390:139)
    at writeOrBuffer (C:\Users\crash\AppData\Roaming\npm\node_modules\firebase-tools\node_modules\winston-transport\node_modules\readable-stream\lib\_stream_writable.js:381:5)
    at Writable.write (C:\Users\crash\AppData\Roaming\npm\node_modules\firebase-tools\node_modules\winston-transport\node_modules\readable-stream\lib\_stream_writable.js:302:11)
    at DerivedLogger.ondata (C:\Users\crash\AppData\Roaming\npm\node_modules\firebase-tools\node_modules\winston\node_modules\readable-stream\lib\_stream_readable.js:629:20)
[error] 
[error] Error: An unexpected error has occurred.
[debug] [2026-07-20T18:11:55.783Z] Error: EPIPE: broken pipe, write
    at Socket._write (node:internal/net:63:18)
    at writeOrBuffer (node:internal/streams/writable:572:12)
    at _write (node:internal/streams/writable:501:10)
    at Writable.write (node:internal/streams/writable:510:10)
    at Console.log (C:\Users\crash\AppData\Roaming\npm\node_modules\firebase-tools\node_modules\winston\lib\winston\transports\console.js:87:23)
    at Console._write (C:\Users\crash\AppData\Roaming\npm\node_modules\firebase-tools\node_modules\winston-transport\modern.js:103:17)
    at doWrite (C:\Users\crash\AppData\Roaming\npm\node_modules\firebase-tools\node_modules\winston-transport\node_modules\readable-stream\lib\_stream_writable.js:390:139)
    at writeOrBuffer (C:\Users\crash\AppData\Roaming\npm\node_modules\firebase-tools\node_modules\winston-transport\node_modules\readable-stream\lib\_stream_writable.js:381:5)
    at Writable.write (C:\Users\crash\AppData\Roaming\npm\node_modules\firebase-tools\node_modules\winston-transport\node_modules\readable-stream\lib\_stream_writable.js:302:11)
    at DerivedLogger.ondata (C:\Users\crash\AppData\Roaming\npm\node_modules\firebase-tools\node_modules\winston\node_modules\readable-stream\lib\_stream_readable.js:629:20)
[error] 
[error] Error: An unexpected error has occurred.
[debug] [2026-07-20T18:11:55.783Z] Error: EPIPE: broken pipe, write
    at Socket._write (node:internal/net:63:18)
    at writeOrBuffer (node:internal/streams/writable:572:12)
    at _write (node:internal/streams/writable:501:10)
    at Writable.write (node:internal/streams/writable:510:10)
    at Console.log (C:\Users\crash\AppData\Roaming\npm\node_modules\firebase-tools\node_modules\winston\lib\winston\transports\console.js:87:23)
    at Console._write (C:\Users\crash\AppData\Roaming\npm\node_modules\firebase-tools\node_modules\winston-transport\modern.js:103:17)
    at doWrite (C:\Users\crash\AppData\Roaming\npm\node_modules\firebase-tools\node_modules\winston-transport\node_modules\readable-stream\lib\_stream_writable.js:390:139)
    at writeOrBuffer (C:\Users\crash\AppData\Roaming\npm\node_modules\firebase-tools\node_modules\winston-transport\node_modules\readable-stream\lib\_stream_writable.js:381:5)
    at Writable.write (C:\Users\crash\AppData\Roaming\npm\node_modules\firebase-tools\node_modules\winston-transport\node_modules\readable-stream\lib\_stream_writable.js:302:11)
    at DerivedLogger.ondata (C:\Users\crash\AppData\Roaming\npm\node_modules\firebase-tools\node_modules\winston\node_modules\readable-stream\lib\_stream_readable.js:629:20)
[error] 
[error] Error: An unexpected error has occurred.
[debug] [2026-07-20T18:11:55.784Z] Error: EPIPE: broken pipe, write
    at Socket._write (node:internal/net:63:18)
    at writeOrBuffer (node:internal/streams/writable:572:12)
    at _write (node:internal/streams/writable:501:10)
    at Writable.write (node:internal/streams/writable:510:10)
    at Console.log (C:\Users\crash\AppData\Roaming\npm\node_modules\firebase-tools\node_modules\winston\lib\winston\transports\console.js:87:23)
    at Console._write (C:\Users\crash\AppData\Roaming\npm\node_modules\firebase-tools\node_modules\winston-transport\modern.js:103:17)
    at doWrite (C:\Users\crash\AppData\Roaming\npm\node_modules\firebase-tools\node_modules\winston-transport\node_modules\readable-stream\lib\_stream_writable.js:390:139)
    at writeOrBuffer (C:\Users\crash\AppData\Roaming\npm\node_modules\firebase-tools\node_modules\winston-transport\node_modules\readable-stream\lib\_stream_writable.js:381:5)
    at Writable.write (C:\Users\crash\AppData\Roaming\npm\node_modules\firebase-tools\node_modules\winston-transport\node_modules\readable-stream\lib\_stream_writable.js:302:11)
    at DerivedLogger.ondata (C:\Users\crash\AppData\Roaming\npm\node_modules\firebase-tools\node_modules\winston\node_modules\readable-stream\lib\_stream_readable.js:629:20)
[error] 
[error] Error: An unexpected error has occurred.
[debug] [2026-07-20T18:11:55.784Z] Error: EPIPE: broken pipe, write
    at Socket._write (node:internal/net:63:18)
    at writeOrBuffer (node:internal/streams/writable:572:12)
    at _write (node:internal/streams/writable:501:10)
    at Writable.write (node:internal/streams/writable:510:10)
    at Console.log (C:\Users\crash\AppData\Roaming\npm\node_modules\firebase-tools\node_modules\winston\lib\winston\transports\console.js:87:23)
    at Console._write (C:\Users\crash\AppData\Roaming\npm\node_modules\firebase-tools\node_modules\winston-transport\modern.js:103:17)
    at doWrite (C:\Users\crash\AppData\Roaming\npm\node_modules\firebase-tools\node_modules\winston-transport\node_modules\readable-stream\lib\_stream_writable.js:390:139)
    at writeOrBuffer (C:\Users\crash\AppData\Roaming\npm\node_modules\firebase-tools\node_modules\winston-transport\node_modules\readable-stream\lib\_stream_writable.js:381:5)
    at Writable.write (C:\Users\crash\AppData\Roaming\npm\node_modules\firebase-tools\node_modules\winston-transport\node_modules\readable-stream\lib\_stream_writable.js:302:11)
    at DerivedLogger.ondata (C:\Users\crash\AppData\Roaming\npm\node_modules\firebase-tools\node_modules\winston\node_modules\readable-stream\lib\_stream_readable.js:629:20)
[error] 
[error] Error: An unexpected error has occurred.
[debug] [2026-07-20T18:11:55.784Z] Error: EPIPE: broken pipe, write
    at Socket._write (node:internal/net:63:18)
    at writeOrBuffer (node:internal/streams/writable:572:12)
    at _write (node:internal/streams/writable:501:10)
    at Writable.write (node:internal/streams/writable:510:10)
    at Console.log (C:\Users\crash\AppData\Roaming\npm\node_modules\firebase-tools\node_modules\winston\lib\winston\transports\console.js:87:23)
    at Console._write (C:\Users\crash\AppData\Roaming\npm\node_modules\firebase-tools\node_modules\winston-transport\modern.js:103:17)
    at doWrite (C:\Users\crash\AppData\Roaming\npm\node_modules\firebase-tools\node_modules\winston-transport\node_modules\readable-stream\lib\_stream_writable.js:390:139)
    at writeOrBuffer (C:\Users\crash\AppData\Roaming\npm\node_modules\firebase-tools\node_modules\winston-transport\node_modules\readable-stream\lib\_stream_writable.js:381:5)
    at Writable.write (C:\Users\crash\AppData\Roaming\npm\node_modules\firebase-tools\node_modules\winston-transport\node_modules\readable-stream\lib\_stream_writable.js:302:11)
    at DerivedLogger.ondata (C:\Users\crash\AppData\Roaming\npm\node_modules\firebase-tools\node_modules\winston\node_modules\readable-stream\lib\_stream_readable.js:629:20)
[error] 
[error] Error: An unexpected error has occurred.
[debug] [2026-07-20T18:11:55.785Z] Error: EPIPE: broken pipe, write
    at Socket._write (node:internal/net:63:18)
    at writeOrBuffer (node:internal/streams/writable:572:12)
    at _write (node:internal/streams/writable:501:10)
    at Writable.write (node:internal/streams/writable:510:10)
    at Console.log (C:\Users\crash\AppData\Roaming\npm\node_modules\firebase-tools\node_modules\winston\lib\winston\transports\console.js:87:23)
    at Console._write (C:\Users\crash\AppData\Roaming\npm\node_modules\firebase-tools\node_modules\winston-transport\modern.js:103:17)
    at doWrite (C:\Users\crash\AppData\Roaming\npm\node_modules\firebase-tools\node_modules\winston-transport\node_modules\readable-stream\lib\_stream_writable.js:390:139)
    at writeOrBuffer (C:\Users\crash\AppData\Roaming\npm\node_modules\firebase-tools\node_modules\winston-transport\node_modules\readable-stream\lib\_stream_writable.js:381:5)
    at Writable.write (C:\Users\crash\AppData\Roaming\npm\node_modules\firebase-tools\node_modules\winston-transport\node_modules\readable-stream\lib\_stream_writable.js:302:11)
    at DerivedLogger.ondata (C:\Users\crash\AppData\Roaming\npm\node_modules\firebase-tools\node_modules\winston\node_modules\readable-stream\lib\_stream_readable.js:629:20)
[error] 
[error] Error: An unexpected error has occurred.
[debug] [2026-07-20T18:11:55.785Z] Error: EPIPE: broken pipe, write
    at Socket._write (node:internal/net:63:18)
    at writeOrBuffer (node:internal/streams/writable:572:12)
    at _write (node:internal/streams/writable:501:10)
    at Writable.write (node:internal/streams/writable:510:10)
    at Console.log (C:\Users\crash\AppData\Roaming\npm\node_modules\firebase-tools\node_modules\winston\lib\winston\transports\console.js:87:23)
    at Console._write (C:\Users\crash\AppData\Roaming\npm\node_modules\firebase-tools\node_modules\winston-transport\modern.js:103:17)
    at doWrite (C:\Users\crash\AppData\Roaming\npm\node_modules\firebase-tools\node_modules\winston-transport\node_modules\readable-stream\lib\_stream_writable.js:390:139)
    at writeOrBuffer (C:\Users\crash\AppData\Roaming\npm\node_modules\firebase-tools\node_modules\winston-transport\node_modules\readable-stream\lib\_stream_writable.js:381:5)
    at Writable.write (C:\Users\crash\AppData\Roaming\npm\node_modules\firebase-tools\node_modules\winston-transport\node_modules\readable-stream\lib\_stream_writable.js:302:11)
    at DerivedLogger.ondata (C:\Users\crash\AppData\Roaming\npm\node_modules\firebase-tools\node_modules\winston\node_modules\readable-stream\lib\_stream_readable.js:629:20)
[error] 
[error] Error: An unexpected error has occurred.
[debug] [2026-07-20T18:11:55.785Z] Error: EPIPE: broken pipe, write
    at Socket._write (node:internal/net:63:18)
    at writeOrBuffer (node:internal/streams/writable:572:12)
    at _write (node:internal/streams/writable:501:10)
    at Writable.write (node:internal/streams/writable:510:10)
    at Console.log (C:\Users\crash\AppData\Roaming\npm\node_modules\firebase-tools\node_modules\winston\lib\winston\transports\console.js:87:23)
    at Console._write (C:\Users\crash\AppData\Roaming\npm\node_modules\firebase-tools\node_modules\winston-transport\modern.js:103:17)
    at doWrite (C:\Users\crash\AppData\Roaming\npm\node_modules\firebase-tools\node_modules\winston-transport\node_modules\readable-stream\lib\_stream_writable.js:390:139)
    at writeOrBuffer (C:\Users\crash\AppData\Roaming\npm\node_modules\firebase-tools\node_modules\winston-transport\node_modules\readable-stream\lib\_stream_writable.js:381:5)
    at Writable.write (C:\Users\crash\AppData\Roaming\npm\node_modules\firebase-tools\node_modules\winston-transport\node_modules\readable-stream\lib\_stream_writable.js:302:11)
    at DerivedLogger.ondata (C:\Users\crash\AppData\Roaming\npm\node_modules\firebase-tools\node_modules\winston\node_modules\readable-stream\lib\_stream_readable.js:629:20)
[error] 
[error] Error: An unexpected error has occurred.
[debug] [2026-07-20T18:11:55.786Z] Error: EPIPE: broken pipe, write
    at Socket._write (node:internal/net:63:18)
    at writeOrBuffer (node:internal/streams/writable:572:12)
    at _write (node:internal/streams/writable:501:10)
    at Writable.write (node:internal/streams/writable:510:10)
    at Console.log (C:\Users\crash\AppData\Roaming\npm\node_modules\firebase-tools\node_modules\winston\lib\winston\transports\console.js:87:23)
    at Console._write (C:\Users\crash\AppData\Roaming\npm\node_modules\firebase-tools\node_modules\winston-transport\modern.js:103:17)
    at doWrite (C:\Users\crash\AppData\Roaming\npm\node_modules\firebase-tools\node_modules\winston-transport\node_modules\readable-stream\lib\_stream_writable.js:390:139)
    at writeOrBuffer (C:\Users\crash\AppData\Roaming\npm\node_modules\firebase-tools\node_modules\winston-transport\node_modules\readable-stream\lib\_stream_writable.js:381:5)
    at Writable.write (C:\Users\crash\AppData\Roaming\npm\node_modules\firebase-tools\node_modules\winston-transport\node_modules\readable-stream\lib\_stream_writable.js:302:11)
    at DerivedLogger.ondata (C:\Users\crash\AppData\Roaming\npm\node_modules\firebase-tools\node_modules\winston\node_modules\readable-stream\lib\_stream_readable.js:629:20)
[error] 
[error] Error: An unexpected error has occurred.
[debug] [2026-07-20T18:11:55.786Z] Error: EPIPE: broken pipe, write
    at Socket._write (node:internal/net:63:18)
    at writeOrBuffer (node:internal/streams/writable:572:12)
    at _write (node:internal/streams/writable:501:10)
    at Writable.write (node:internal/streams/writable:510:10)
    at Console.log (C:\Users\crash\AppData\Roaming\npm\node_modules\firebase-tools\node_modules\winston\lib\winston\transports\console.js:87:23)
    at Console._write (C:\Users\crash\AppData\Roaming\npm\node_modules\firebase-tools\node_modules\winston-transport\modern.js:103:17)
    at doWrite (C:\Users\crash\AppData\Roaming\npm\node_modules\firebase-tools\node_modules\winston-transport\node_modules\readable-stream\lib\_stream_writable.js:390:139)
    at writeOrBuffer (C:\Users\crash\AppData\Roaming\npm\node_modules\firebase-tools\node_modules\winston-transport\node_modules\readable-stream\lib\_stream_writable.js:381:5)
    at Writable.write (C:\Users\crash\AppData\Roaming\npm\node_modules\firebase-tools\node_modules\winston-transport\node_modules\readable-stream\lib\_stream_writable.js:302:11)
    at DerivedLogger.ondata (C:\Users\crash\AppData\Roaming\npm\node_modules\firebase-tools\node_modules\winston\node_modules\readable-stream\lib\_stream_readable.js:629:20)
[error] 
[error] Error: An unexpected error has occurred.
[debug] [2026-07-20T18:11:55.786Z] Error: EPIPE: broken pipe, write
    at Socket._write (node:internal/net:63:18)
    at writeOrBuffer (node:internal/streams/writable:572:12)
    at _write (node:internal/streams/writable:501:10)
    at Writable.write (node:internal/streams/writable:510:10)
    at Console.log (C:\Users\crash\AppData\Roaming\npm\node_modules\firebase-tools\node_modules\winston\lib\winston\transports\console.js:87:23)
    at Console._write (C:\Users\crash\AppData\Roaming\npm\node_modules\firebase-tools\node_modules\winston-transport\modern.js:103:17)
    at doWrite (C:\Users\crash\AppData\Roaming\npm\node_modules\firebase-tools\node_modules\winston-transport\node_modules\readable-stream\lib\_stream_writable.js:390:139)
    at writeOrBuffer (C:\Users\crash\AppData\Roaming\npm\node_modules\firebase-tools\node_modules\winston-transport\node_modules\readable-stream\lib\_stream_writable.js:381:5)
    at Writable.write (C:\Users\crash\AppData\Roaming\npm\node_modules\firebase-tools\node_modules\winston-transport\node_modules\readable-stream\lib\_stream_writable.js:302:11)
    at DerivedLogger.ondata (C:\Users\crash\AppData\Roaming\npm\node_modules\firebase-tools\node_modules\winston\node_modules\readable-stream\lib\_stream_readable.js:629:20)
[error] 
[error] Error: An unexpected error has occurred.
[debug] [2026-07-20T18:11:55.786Z] Error: EPIPE: broken pipe, write
    at Socket._write (node:internal/net:63:18)
    at writeOrBuffer (node:internal/streams/writable:572:12)
    at _write (node:internal/streams/writable:501:10)
    at Writable.write (node:internal/streams/writable:510:10)
    at Console.log (C:\Users\crash\AppData\Roaming\npm\node_modules\firebase-tools\node_modules\winston\lib\winston\transports\console.js:87:23)
    at Console._write (C:\Users\crash\AppData\Roaming\npm\node_modules\firebase-tools\node_modules\winston-transport\modern.js:103:17)
    at doWrite (C:\Users\crash\AppData\Roaming\npm\node_modules\firebase-tools\node_modules\winston-transport\node_modules\readable-stream\lib\_stream_writable.js:390:139)
    at writeOrBuffer (C:\Users\crash\AppData\Roaming\npm\node_modules\firebase-tools\node_modules\winston-transport\node_modules\readable-stream\lib\_stream_writable.js:381:5)
    at Writable.write (C:\Users\crash\AppData\Roaming\npm\node_modules\firebase-tools\node_modules\winston-transport\node_modules\readable-stream\lib\_stream_writable.js:302:11)
    at DerivedLogger.ondata (C:\Users\crash\AppData\Roaming\npm\node_modules\firebase-tools\node_modules\winston\node_modules\readable-stream\lib\_stream_readable.js:629:20)
[error] 
[error] Error: An unexpected error has occurred.
[debug] [2026-07-20T18:11:55.788Z] Error: EPIPE: broken pipe, write
    at Socket._write (node:internal/net:63:18)
    at writeOrBuffer (node:internal/streams/writable:572:12)
    at _write (node:internal/streams/writable:501:10)
    at Writable.write (node:internal/streams/writable:510:10)
    at Console.log (C:\Users\crash\AppData\Roaming\npm\node_modules\firebase-tools\node_modules\winston\lib\winston\transports\console.js:87:23)
    at Console._write (C:\Users\crash\AppData\Roaming\npm\node_modules\firebase-tools\node_modules\winston-transport\modern.js:103:17)
    at doWrite (C:\Users\crash\AppData\Roaming\npm\node_modules\firebase-tools\node_modules\winston-transport\node_modules\readable-stream\lib\_stream_writable.js:390:139)
    at writeOrBuffer (C:\Users\crash\AppData\Roaming\npm\node_modules\firebase-tools\node_modules\winston-transport\node_modules\readable-stream\lib\_stream_writable.js:381:5)
    at Writable.write (C:\Users\crash\AppData\Roaming\npm\node_modules\firebase-tools\node_modules\winston-transport\node_modules\readable-stream\lib\_stream_writable.js:302:11)
    at DerivedLogger.ondata (C:\Users\crash\AppData\Roaming\npm\node_modules\firebase-tools\node_modules\winston\node_modules\readable-stream\lib\_stream_readable.js:629:20)
[error] 
[error] Error: An unexpected error has occurred.
[debug] [2026-07-20T18:11:55.788Z] Error: EPIPE: broken pipe, write
    at Socket._write (node:internal/net:63:18)
    at writeOrBuffer (node:internal/streams/writable:572:12)
    at _write (node:internal/streams/writable:501:10)
    at Writable.write (node:internal/streams/writable:510:10)
    at Console.log (C:\Users\crash\AppData\Roaming\npm\node_modules\firebase-tools\node_modules\winston\lib\winston\transports\console.js:87:23)
    at Console._write (C:\Users\crash\AppData\Roaming\npm\node_modules\firebase-tools\node_modules\winston-transport\modern.js:103:17)
    at doWrite (C:\Users\crash\AppData\Roaming\npm\node_modules\firebase-tools\node_modules\winston-transport\node_modules\readable-stream\lib\_stream_writable.js:390:139)
    at writeOrBuffer (C:\Users\crash\AppData\Roaming\npm\node_modules\firebase-tools\node_modules\winston-transport\node_modules\readable-stream\lib\_stream_writable.js:381:5)
    at Writable.write (C:\Users\crash\AppData\Roaming\npm\node_modules\firebase-tools\node_modules\winston-transport\node_modules\readable-stream\lib\_stream_writable.js:302:11)
    at DerivedLogger.ondata (C:\Users\crash\AppData\Roaming\npm\node_modules\firebase-tools\node_modules\winston\node_modules\readable-stream\lib\_stream_readable.js:629:20)
[error] 
[error] Error: An unexpected error has occurred.
[debug] [2026-07-20T18:11:55.788Z] Error: EPIPE: broken pipe, write
    at Socket._write (node:internal/net:63:18)
    at writeOrBuffer (node:internal/streams/writable:572:12)
    at _write (node:internal/streams/writable:501:10)
    at Writable.write (node:internal/streams/writable:510:10)
    at Console.log (C:\Users\crash\AppData\Roaming\npm\node_modules\firebase-tools\node_modules\winston\lib\winston\transports\console.js:87:23)
    at Console._write (C:\Users\crash\AppData\Roaming\npm\node_modules\firebase-tools\node_modules\winston-transport\modern.js:103:17)
    at doWrite (C:\Users\crash\AppData\Roaming\npm\node_modules\firebase-tools\node_modules\winston-transport\node_modules\readable-stream\lib\_stream_writable.js:390:139)
    at writeOrBuffer (C:\Users\crash\AppData\Roaming\npm\node_modules\firebase-tools\node_modules\winston-transport\node_modules\readable-stream\lib\_stream_writable.js:381:5)
    at Writable.write (C:\Users\crash\AppData\Roaming\npm\node_modules\firebase-tools\node_modules\winston-transport\node_modules\readable-stream\lib\_stream_writable.js:302:11)
    at DerivedLogger.ondata (C:\Users\crash\AppData\Roaming\npm\node_modules\firebase-tools\node_modules\winston\node_modules\readable-stream\lib\_stream_readable.js:629:20)
[error] 
[error] Error: An unexpected error has occurred.
[debug] [2026-07-20T18:11:55.789Z] Error: EPIPE: broken pipe, write
    at Socket._write (node:internal/net:63:18)
    at writeOrBuffer (node:internal/streams/writable:572:12)
    at _write (node:internal/streams/writable:501:10)
    at Writable.write (node:internal/streams/writable:510:10)
    at Console.log (C:\Users\crash\AppData\Roaming\npm\node_modules\firebase-tools\node_modules\winston\lib\winston\transports\console.js:87:23)
    at Console._write (C:\Users\crash\AppData\Roaming\npm\node_modules\firebase-tools\node_modules\winston-transport\modern.js:103:17)
    at doWrite (C:\Users\crash\AppData\Roaming\npm\node_modules\firebase-tools\node_modules\winston-transport\node_modules\readable-stream\lib\_stream_writable.js:390:139)
    at writeOrBuffer (C:\Users\crash\AppData\Roaming\npm\node_modules\firebase-tools\node_modules\winston-transport\node_modules\readable-stream\lib\_stream_writable.js:381:5)
    at Writable.write (C:\Users\crash\AppData\Roaming\npm\node_modules\firebase-tools\node_modules\winston-transport\node_modules\readable-stream\lib\_stream_writable.js:302:11)
    at DerivedLogger.ondata (C:\Users\crash\AppData\Roaming\npm\node_modules\firebase-tools\node_modules\winston\node_modules\readable-stream\lib\_stream_readable.js:629:20)
[error] 
[error] Error: An unexpected error has occurred.
[debug] [2026-07-20T18:11:55.789Z] Error: EPIPE: broken pipe, write
    at Socket._write (node:internal/net:63:18)
    at writeOrBuffer (node:internal/streams/writable:572:12)
    at _write (node:internal/streams/writable:501:10)
    at Writable.write (node:internal/streams/writable:510:10)
    at Console.log (C:\Users\crash\AppData\Roaming\npm\node_modules\firebase-tools\node_modules\winston\lib\winston\transports\console.js:87:23)
    at Console._write (C:\Users\crash\AppData\Roaming\npm\node_modules\firebase-tools\node_modules\winston-transport\modern.js:103:17)
    at doWrite (C:\Users\crash\AppData\Roaming\npm\node_modules\firebase-tools\node_modules\winston-transport\node_modules\readable-stream\lib\_stream_writable.js:390:139)
    at writeOrBuffer (C:\Users\crash\AppData\Roaming\npm\node_modules\firebase-tools\node_modules\winston-transport\node_modules\readable-stream\lib\_stream_writable.js:381:5)
    at Writable.write (C:\Users\crash\AppData\Roaming\npm\node_modules\firebase-tools\node_modules\winston-transport\node_modules\readable-stream\lib\_stream_writable.js:302:11)
    at DerivedLogger.ondata (C:\Users\crash\AppData\Roaming\npm\node_modules\firebase-tools\node_modules\winston\node_modules\readable-stream\lib\_stream_readable.js:629:20)
[error] 
[error] Error: An unexpected error has occurred.
[debug] [2026-07-20T18:11:55.789Z] Error: EPIPE: broken pipe, write
    at Socket._write (node:internal/net:63:18)
    at writeOrBuffer (node:internal/streams/writable:572:12)
    at _write (node:internal/streams/writable:501:10)
    at Writable.write (node:internal/streams/writable:510:10)
    at Console.log (C:\Users\crash\AppData\Roaming\npm\node_modules\firebase-tools\node_modules\winston\lib\winston\transports\console.js:87:23)
    at Console._write (C:\Users\crash\AppData\Roaming\npm\node_modules\firebase-tools\node_modules\winston-transport\modern.js:103:17)
    at doWrite (C:\Users\crash\AppData\Roaming\npm\node_modules\firebase-tools\node_modules\winston-transport\node_modules\readable-stream\lib\_stream_writable.js:390:139)
    at writeOrBuffer (C:\Users\crash\AppData\Roaming\npm\node_modules\firebase-tools\node_modules\winston-transport\node_modules\readable-stream\lib\_stream_writable.js:381:5)
    at Writable.write (C:\Users\crash\AppData\Roaming\npm\node_modules\firebase-tools\node_modules\winston-transport\node_modules\readable-stream\lib\_stream_writable.js:302:11)
    at DerivedLogger.ondata (C:\Users\crash\AppData\Roaming\npm\node_modules\firebase-tools\node_modules\winston\node_modules\readable-stream\lib\_stream_readable.js:629:20)
[error] 
[error] Error: An unexpected error has occurred.
[debug] [2026-07-20T18:11:55.790Z] Error: EPIPE: broken pipe, write
    at Socket._write (node:internal/net:63:18)
    at writeOrBuffer (node:internal/streams/writable:572:12)
    at _write (node:internal/streams/writable:501:10)
    at Writable.write (node:internal/streams/writable:510:10)
    at Console.log (C:\Users\crash\AppData\Roaming\npm\node_modules\firebase-tools\node_modules\winston\lib\winston\transports\console.js:87:23)
    at Console._write (C:\Users\crash\AppData\Roaming\npm\node_modules\firebase-tools\node_modules\winston-transport\modern.js:103:17)
    at doWrite (C:\Users\crash\AppData\Roaming\npm\node_modules\firebase-tools\node_modules\winston-transport\node_modules\readable-stream\lib\_stream_writable.js:390:139)
    at writeOrBuffer (C:\Users\crash\AppData\Roaming\npm\node_modules\firebase-tools\node_modules\winston-transport\node_modules\readable-stream\lib\_stream_writable.js:381:5)
    at Writable.write (C:\Users\crash\AppData\Roaming\npm\node_modules\firebase-tools\node_modules\winston-transport\node_modules\readable-stream\lib\_stream_writable.js:302:11)
    at DerivedLogger.ondata (C:\Users\crash\AppData\Roaming\npm\node_modules\firebase-tools\node_modules\winston\node_modules\readable-stream\lib\_stream_readable.js:629:20)
[error] 
[error] Error: An unexpected error has occurred.
[debug] [2026-07-20T18:11:55.790Z] Error: EPIPE: broken pipe, write
    at Socket._write (node:internal/net:63:18)
    at writeOrBuffer (node:internal/streams/writable:572:12)
    at _write (node:internal/streams/writable:501:10)
    at Writable.write (node:internal/streams/writable:510:10)
    at Console.log (C:\Users\crash\AppData\Roaming\npm\node_modules\firebase-tools\node_modules\winston\lib\winston\transports\console.js:87:23)
    at Console._write (C:\Users\crash\AppData\Roaming\npm\node_modules\firebase-tools\node_modules\winston-transport\modern.js:103:17)
    at doWrite (C:\Users\crash\AppData\Roaming\npm\node_modules\firebase-tools\node_modules\winston-transport\node_modules\readable-stream\lib\_stream_writable.js:390:139)
    at writeOrBuffer (C:\Users\crash\AppData\Roaming\npm\node_modules\firebase-tools\node_modules\winston-transport\node_modules\readable-stream\lib\_stream_writable.js:381:5)
    at Writable.write (C:\Users\crash\AppData\Roaming\npm\node_modules\firebase-tools\node_modules\winston-transport\node_modules\readable-stream\lib\_stream_writable.js:302:11)
    at DerivedLogger.ondata (C:\Users\crash\AppData\Roaming\npm\node_modules\firebase-tools\node_modules\winston\node_modules\readable-stream\lib\_stream_readable.js:629:20)
[error] 
[error] Error: An unexpected error has occurred.
[debug] [2026-07-20T18:11:55.790Z] Error: EPIPE: broken pipe, write
    at Socket._write (node:internal/net:63:18)
    at writeOrBuffer (node:internal/streams/writable:572:12)
    at _write (node:internal/streams/writable:501:10)
    at Writable.write (node:internal/streams/writable:510:10)
    at Console.log (C:\Users\crash\AppData\Roaming\npm\node_modules\firebase-tools\node_modules\winston\lib\winston\transports\console.js:87:23)
    at Console._write (C:\Users\crash\AppData\Roaming\npm\node_modules\firebase-tools\node_modules\winston-transport\modern.js:103:17)
    at doWrite (C:\Users\crash\AppData\Roaming\npm\node_modules\firebase-tools\node_modules\winston-transport\node_modules\readable-stream\lib\_stream_writable.js:390:139)
    at writeOrBuffer (C:\Users\crash\AppData\Roaming\npm\node_modules\firebase-tools\node_modules\winston-transport\node_modules\readable-stream\lib\_stream_writable.js:381:5)
    at Writable.write (C:\Users\crash\AppData\Roaming\npm\node_modules\firebase-tools\node_modules\winston-transport\node_modules\readable-stream\lib\_stream_writable.js:302:11)
    at DerivedLogger.ondata (C:\Users\crash\AppData\Roaming\npm\node_modules\firebase-tools\node_modules\winston\node_modules\readable-stream\lib\_stream_readable.js:629:20)
[error] 
[error] Error: An unexpected error has occurred.
[debug] [2026-07-20T18:11:55.790Z] Error: EPIPE: broken pipe, write
    at Socket._write (node:internal/net:63:18)
    at writeOrBuffer (node:internal/streams/writable:572:12)
    at _write (node:internal/streams/writable:501:10)
    at Writable.write (node:internal/streams/writable:510:10)
    at Console.log (C:\Users\crash\AppData\Roaming\npm\node_modules\firebase-tools\node_modules\winston\lib\winston\transports\console.js:87:23)
    at Console._write (C:\Users\crash\AppData\Roaming\npm\node_modules\firebase-tools\node_modules\winston-transport\modern.js:103:17)
    at doWrite (C:\Users\crash\AppData\Roaming\npm\node_modules\firebase-tools\node_modules\winston-transport\node_modules\readable-stream\lib\_stream_writable.js:390:139)
    at writeOrBuffer (C:\Users\crash\AppData\Roaming\npm\node_modules\firebase-tools\node_modules\winston-transport\node_modules\readable-stream\lib\_stream_writable.js:381:5)
    at Writable.write (C:\Users\crash\AppData\Roaming\npm\node_modules\firebase-tools\node_modules\winston-transport\node_modules\readable-stream\lib\_stream_writable.js:302:11)
    at DerivedLogger.ondata (C:\Users\crash\AppData\Roaming\npm\node_modules\firebase-tools\node_modules\winston\node_modules\readable-stream\lib\_stream_readable.js:629:20)
[error] 
[error] Error: An unexpected error has occurred.
[debug] [2026-07-20T18:11:55.791Z] Error: EPIPE: broken pipe, write
    at Socket._write (node:internal/net:63:18)
    at writeOrBuffer (node:internal/streams/writable:572:12)
    at _write (node:internal/streams/writable:501:10)
    at Writable.write (node:internal/streams/writable:510:10)
    at Console.log (C:\Users\crash\AppData\Roaming\npm\node_modules\firebase-tools\node_modules\winston\lib\winston\transports\console.js:87:23)
    at Console._write (C:\Users\crash\AppData\Roaming\npm\node_modules\firebase-tools\node_modules\winston-transport\modern.js:103:17)
    at doWrite (C:\Users\crash\AppData\Roaming\npm\node_modules\firebase-tools\node_modules\winston-transport\node_modules\readable-stream\lib\_stream_writable.js:390:139)
    at writeOrBuffer (C:\Users\crash\AppData\Roaming\npm\node_modules\firebase-tools\node_modules\winston-transport\node_modules\readable-stream\lib\_stream_writable.js:381:5)
    at Writable.write (C:\Users\crash\AppData\Roaming\npm\node_modules\firebase-tools\node_modules\winston-transport\node_modules\readable-stream\lib\_stream_writable.js:302:11)
    at DerivedLogger.ondata (C:\Users\crash\AppData\Roaming\npm\node_modules\firebase-tools\node_modules\winston\node_modules\readable-stream\lib\_stream_readable.js:629:20)
[error] 
[error] Error: An unexpected error has occurred.
[debug] [2026-07-20T18:11:55.791Z] Error: EPIPE: broken pipe, write
    at Socket._write (node:internal/net:63:18)
    at writeOrBuffer (node:internal/streams/writable:572:12)
    at _write (node:internal/streams/writable:501:10)
    at Writable.write (node:internal/streams/writable:510:10)
    at Console.log (C:\Users\crash\AppData\Roaming\npm\node_modules\firebase-tools\node_modules\winston\lib\winston\transports\console.js:87:23)
    at Console._write (C:\Users\crash\AppData\Roaming\npm\node_modules\firebase-tools\node_modules\winston-transport\modern.js:103:17)
    at doWrite (C:\Users\crash\AppData\Roaming\npm\node_modules\firebase-tools\node_modules\winston-transport\node_modules\readable-stream\lib\_stream_writable.js:390:139)
    at writeOrBuffer (C:\Users\crash\AppData\Roaming\npm\node_modules\firebase-tools\node_modules\winston-transport\node_modules\readable-stream\lib\_stream_writable.js:381:5)
    at Writable.write (C:\Users\crash\AppData\Roaming\npm\node_modules\firebase-tools\node_modules\winston-transport\node_modules\readable-stream\lib\_stream_writable.js:302:11)
    at DerivedLogger.ondata (C:\Users\crash\AppData\Roaming\npm\node_modules\firebase-tools\node_modules\winston\node_modules\readable-stream\lib\_stream_readable.js:629:20)
[error] 
[error] Error: An unexpected error has occurred.
[debug] [2026-07-20T18:11:55.791Z] Error: EPIPE: broken pipe, write
    at Socket._write (node:internal/net:63:18)
    at writeOrBuffer (node:internal/streams/writable:572:12)
    at _write (node:internal/streams/writable:501:10)
    at Writable.write (node:internal/streams/writable:510:10)
    at Console.log (C:\Users\crash\AppData\Roaming\npm\node_modules\firebase-tools\node_modules\winston\lib\winston\transports\console.js:87:23)
    at Console._write (C:\Users\crash\AppData\Roaming\npm\node_modules\firebase-tools\node_modules\winston-transport\modern.js:103:17)
    at doWrite (C:\Users\crash\AppData\Roaming\npm\node_modules\firebase-tools\node_modules\winston-transport\node_modules\readable-stream\lib\_stream_writable.js:390:139)
    at writeOrBuffer (C:\Users\crash\AppData\Roaming\npm\node_modules\firebase-tools\node_modules\winston-transport\node_modules\readable-stream\lib\_stream_writable.js:381:5)
    at Writable.write (C:\Users\crash\AppData\Roaming\npm\node_modules\firebase-tools\node_modules\winston-transport\node_modules\readable-stream\lib\_stream_writable.js:302:11)
    at DerivedLogger.ondata (C:\Users\crash\AppData\Roaming\npm\node_modules\firebase-tools\node_modules\winston\node_modules\readable-stream\lib\_stream_readable.js:629:20)
[error] 
[error] Error: An unexpected error has occurred.
[debug] [2026-07-20T18:11:55.811Z] Error: EPIPE: broken pipe, write
    at Socket._write (node:internal/net:63:18)
    at writeOrBuffer (node:internal/streams/writable:572:12)
    at _write (node:internal/streams/writable:501:10)
    at Writable.write (node:internal/streams/writable:510:10)
    at Console.log (C:\Users\crash\AppData\Roaming\npm\node_modules\firebase-tools\node_modules\winston\lib\winston\transports\console.js:87:23)
    at Console._write (C:\Users\crash\AppData\Roaming\npm\node_modules\firebase-tools\node_modules\winston-transport\modern.js:103:17)
    at doWrite (C:\Users\crash\AppData\Roaming\npm\node_modules\firebase-tools\node_modules\winston-transport\node_modules\readable-stream\lib\_stream_writable.js:390:139)
    at writeOrBuffer (C:\Users\crash\AppData\Roaming\npm\node_modules\firebase-tools\node_modules\winston-transport\node_modules\readable-stream\lib\_stream_writable.js:381:5)
    at Writable.write (C:\Users\crash\AppData\Roaming\npm\node_modules\firebase-tools\node_modules\winston-transport\node_modules\readable-stream\lib\_stream_writable.js:302:11)
    at DerivedLogger.ondata (C:\Users\crash\AppData\Roaming\npm\node_modules\firebase-tools\node_modules\winston\node_modules\readable-stream\lib\_stream_readable.js:629:20)
[error] 
[error] Error: An unexpected error has occurred.
[debug] [2026-07-20T18:11:55.811Z] Error: EPIPE: broken pipe, write
    at Socket._write (node:internal/net:63:18)
    at writeOrBuffer (node:internal/streams/writable:572:12)
    at _write (node:internal/streams/writable:501:10)
    at Writable.write (node:internal/streams/writable:510:10)
    at Console.log (C:\Users\crash\AppData\Roaming\npm\node_modules\firebase-tools\node_modules\winston\lib\winston\transports\console.js:87:23)
    at Console._write (C:\Users\crash\AppData\Roaming\npm\node_modules\firebase-tools\node_modules\winston-transport\modern.js:103:17)
    at doWrite (C:\Users\crash\AppData\Roaming\npm\node_modules\firebase-tools\node_modules\winston-transport\node_modules\readable-stream\lib\_stream_writable.js:390:139)
    at writeOrBuffer (C:\Users\crash\AppData\Roaming\npm\node_modules\firebase-tools\node_modules\winston-transport\node_modules\readable-stream\lib\_stream_writable.js:381:5)
    at Writable.write (C:\Users\crash\AppData\Roaming\npm\node_modules\firebase-tools\node_modules\winston-transport\node_modules\readable-stream\lib\_stream_writable.js:302:11)
    at DerivedLogger.ondata (C:\Users\crash\AppData\Roaming\npm\node_modules\firebase-tools\node_modules\winston\node_modules\readable-stream\lib\_stream_readable.js:629:20)
[error] 
[error] Error: An unexpected error has occurred.
[debug] [2026-07-20T18:11:55.812Z] Error: EPIPE: broken pipe, write
    at Socket._write (node:internal/net:63:18)
    at writeOrBuffer (node:internal/streams/writable:572:12)
    at _write (node:internal/streams/writable:501:10)
    at Writable.write (node:internal/streams/writable:510:10)
    at Console.log (C:\Users\crash\AppData\Roaming\npm\node_modules\firebase-tools\node_modules\winston\lib\winston\transports\console.js:87:23)
    at Console._write (C:\Users\crash\AppData\Roaming\npm\node_modules\firebase-tools\node_modules\winston-transport\modern.js:103:17)
    at doWrite (C:\Users\crash\AppData\Roaming\npm\node_modules\firebase-tools\node_modules\winston-transport\node_modules\readable-stream\lib\_stream_writable.js:390:139)
    at writeOrBuffer (C:\Users\crash\AppData\Roaming\npm\node_modules\firebase-tools\node_modules\winston-transport\node_modules\readable-stream\lib\_stream_writable.js:381:5)
    at Writable.write (C:\Users\crash\AppData\Roaming\npm\node_modules\firebase-tools\node_modules\winston-transport\node_modules\readable-stream\lib\_stream_writable.js:302:11)
    at DerivedLogger.ondata (C:\Users\crash\AppData\Roaming\npm\node_modules\firebase-tools\node_modules\winston\node_modules\readable-stream\lib\_stream_readable.js:629:20)
[error] 
[error] Error: An unexpected error has occurred.
[debug] [2026-07-20T18:11:55.812Z] Error: EPIPE: broken pipe, write
    at Socket._write (node:internal/net:63:18)
    at writeOrBuffer (node:internal/streams/writable:572:12)
    at _write (node:internal/streams/writable:501:10)
    at Writable.write (node:internal/streams/writable:510:10)
    at Console.log (C:\Users\crash\AppData\Roaming\npm\node_modules\firebase-tools\node_modules\winston\lib\winston\transports\console.js:87:23)
    at Console._write (C:\Users\crash\AppData\Roaming\npm\node_modules\firebase-tools\node_modules\winston-transport\modern.js:103:17)
    at doWrite (C:\Users\crash\AppData\Roaming\npm\node_modules\firebase-tools\node_modules\winston-transport\node_modules\readable-stream\lib\_stream_writable.js:390:139)
    at writeOrBuffer (C:\Users\crash\AppData\Roaming\npm\node_modules\firebase-tools\node_modules\winston-transport\node_modules\readable-stream\lib\_stream_writable.js:381:5)
    at Writable.write (C:\Users\crash\AppData\Roaming\npm\node_modules\firebase-tools\node_modules\winston-transport\node_modules\readable-stream\lib\_stream_writable.js:302:11)
    at DerivedLogger.ondata (C:\Users\crash\AppData\Roaming\npm\node_modules\firebase-tools\node_modules\winston\node_modules\readable-stream\lib\_stream_readable.js:629:20)
[error] 
[error] Error: An unexpected error has occurred.
[debug] [2026-07-20T18:11:55.812Z] Error: EPIPE: broken pipe, write
    at Socket._write (node:internal/net:63:18)
    at writeOrBuffer (node:internal/streams/writable:572:12)
    at _write (node:internal/streams/writable:501:10)
    at Writable.write (node:internal/streams/writable:510:10)
    at Console.log (C:\Users\crash\AppData\Roaming\npm\node_modules\firebase-tools\node_modules\winston\lib\winston\transports\console.js:87:23)
    at Console._write (C:\Users\crash\AppData\Roaming\npm\node_modules\firebase-tools\node_modules\winston-transport\modern.js:103:17)
    at doWrite (C:\Users\crash\AppData\Roaming\npm\node_modules\firebase-tools\node_modules\winston-transport\node_modules\readable-stream\lib\_stream_writable.js:390:139)
    at writeOrBuffer (C:\Users\crash\AppData\Roaming\npm\node_modules\firebase-tools\node_modules\winston-transport\node_modules\readable-stream\lib\_stream_writable.js:381:5)
    at Writable.write (C:\Users\crash\AppData\Roaming\npm\node_modules\firebase-tools\node_modules\winston-transport\node_modules\readable-stream\lib\_stream_writable.js:302:11)
    at DerivedLogger.ondata (C:\Users\crash\AppData\Roaming\npm\node_modules\firebase-tools\node_modules\winston\node_modules\readable-stream\lib\_stream_readable.js:629:20)
[error] 
[error] Error: An unexpected error has occurred.
[debug] [2026-07-20T18:11:55.813Z] Error: EPIPE: broken pipe, write
    at Socket._write (node:internal/net:63:18)
    at writeOrBuffer (node:internal/streams/writable:572:12)
    at _write (node:internal/streams/writable:501:10)
    at Writable.write (node:internal/streams/writable:510:10)
    at Console.log (C:\Users\crash\AppData\Roaming\npm\node_modules\firebase-tools\node_modules\winston\lib\winston\transports\console.js:87:23)
    at Console._write (C:\Users\crash\AppData\Roaming\npm\node_modules\firebase-tools\node_modules\winston-transport\modern.js:103:17)
    at doWrite (C:\Users\crash\AppData\Roaming\npm\node_modules\firebase-tools\node_modules\winston-transport\node_modules\readable-stream\lib\_stream_writable.js:390:139)
    at writeOrBuffer (C:\Users\crash\AppData\Roaming\npm\node_modules\firebase-tools\node_modules\winston-transport\node_modules\readable-stream\lib\_stream_writable.js:381:5)
    at Writable.write (C:\Users\crash\AppData\Roaming\npm\node_modules\firebase-tools\node_modules\winston-transport\node_modules\readable-stream\lib\_stream_writable.js:302:11)
    at DerivedLogger.ondata (C:\Users\crash\AppData\Roaming\npm\node_modules\firebase-tools\node_modules\winston\node_modules\readable-stream\lib\_stream_readable.js:629:20)
[error] 
[error] Error: An unexpected error has occurred.
[debug] [2026-07-20T18:11:55.813Z] Error: EPIPE: broken pipe, write
    at Socket._write (node:internal/net:63:18)
    at writeOrBuffer (node:internal/streams/writable:572:12)
    at _write (node:internal/streams/writable:501:10)
    at Writable.write (node:internal/streams/writable:510:10)
    at Console.log (C:\Users\crash\AppData\Roaming\npm\node_modules\firebase-tools\node_modules\winston\lib\winston\transports\console.js:87:23)
    at Console._write (C:\Users\crash\AppData\Roaming\npm\node_modules\firebase-tools\node_modules\winston-transport\modern.js:103:17)
    at doWrite (C:\Users\crash\AppData\Roaming\npm\node_modules\firebase-tools\node_modules\winston-transport\node_modules\readable-stream\lib\_stream_writable.js:390:139)
    at writeOrBuffer (C:\Users\crash\AppData\Roaming\npm\node_modules\firebase-tools\node_modules\winston-transport\node_modules\readable-stream\lib\_stream_writable.js:381:5)
    at Writable.write (C:\Users\crash\AppData\Roaming\npm\node_modules\firebase-tools\node_modules\winston-transport\node_modules\readable-stream\lib\_stream_writable.js:302:11)
    at DerivedLogger.ondata (C:\Users\crash\AppData\Roaming\npm\node_modules\firebase-tools\node_modules\winston\node_modules\readable-stream\lib\_stream_readable.js:629:20)
[error] 
[error] Error: An unexpected error has occurred.
[debug] [2026-07-20T18:11:55.813Z] Error: EPIPE: broken pipe, write
    at Socket._write (node:internal/net:63:18)
    at writeOrBuffer (node:internal/streams/writable:572:12)
    at _write (node:internal/streams/writable:501:10)
    at Writable.write (node:internal/streams/writable:510:10)
    at Console.log (C:\Users\crash\AppData\Roaming\npm\node_modules\firebase-tools\node_modules\winston\lib\winston\transports\console.js:87:23)
    at Console._write (C:\Users\crash\AppData\Roaming\npm\node_modules\firebase-tools\node_modules\winston-transport\modern.js:103:17)
    at doWrite (C:\Users\crash\AppData\Roaming\npm\node_modules\firebase-tools\node_modules\winston-transport\node_modules\readable-stream\lib\_stream_writable.js:390:139)
    at writeOrBuffer (C:\Users\crash\AppData\Roaming\npm\node_modules\firebase-tools\node_modules\winston-transport\node_modules\readable-stream\lib\_stream_writable.js:381:5)
    at Writable.write (C:\Users\crash\AppData\Roaming\npm\node_modules\firebase-tools\node_modules\winston-transport\node_modules\readable-stream\lib\_stream_writable.js:302:11)
    at DerivedLogger.ondata (C:\Users\crash\AppData\Roaming\npm\node_modules\firebase-tools\node_modules\winston\node_modules\readable-stream\lib\_stream_readable.js:629:20)
[error] 
[error] Error: An unexpected error has occurred.
[debug] [2026-07-20T18:11:55.813Z] Error: EPIPE: broken pipe, write
    at Socket._write (node:internal/net:63:18)
    at writeOrBuffer (node:internal/streams/writable:572:12)
    at _write (node:internal/streams/writable:501:10)
    at Writable.write (node:internal/streams/writable:510:10)
    at Console.log (C:\Users\crash\AppData\Roaming\npm\node_modules\firebase-tools\node_modules\winston\lib\winston\transports\console.js:87:23)
    at Console._write (C:\Users\crash\AppData\Roaming\npm\node_modules\firebase-tools\node_modules\winston-transport\modern.js:103:17)
    at doWrite (C:\Users\crash\AppData\Roaming\npm\node_modules\firebase-tools\node_modules\winston-transport\node_modules\readable-stream\lib\_stream_writable.js:390:139)
    at writeOrBuffer (C:\Users\crash\AppData\Roaming\npm\node_modules\firebase-tools\node_modules\winston-transport\node_modules\readable-stream\lib\_stream_writable.js:381:5)
    at Writable.write (C:\Users\crash\AppData\Roaming\npm\node_modules\firebase-tools\node_modules\winston-transport\node_modules\readable-stream\lib\_stream_writable.js:302:11)
    at DerivedLogger.ondata (C:\Users\crash\AppData\Roaming\npm\node_modules\firebase-tools\node_modules\winston\node_modules\readable-stream\lib\_stream_readable.js:629:20)
[error] 
[error] Error: An unexpected error has occurred.
[debug] [2026-07-20T18:11:55.814Z] Error: EPIPE: broken pipe, write
    at Socket._write (node:internal/net:63:18)
    at writeOrBuffer (node:internal/streams/writable:572:12)
    at _write (node:internal/streams/writable:501:10)
    at Writable.write (node:internal/streams/writable:510:10)
    at Console.log (C:\Users\crash\AppData\Roaming\npm\node_modules\firebase-tools\node_modules\winston\lib\winston\transports\console.js:87:23)
    at Console._write (C:\Users\crash\AppData\Roaming\npm\node_modules\firebase-tools\node_modules\winston-transport\modern.js:103:17)
    at doWrite (C:\Users\crash\AppData\Roaming\npm\node_modules\firebase-tools\node_modules\winston-transport\node_modules\readable-stream\lib\_stream_writable.js:390:139)
    at writeOrBuffer (C:\Users\crash\AppData\Roaming\npm\node_modules\firebase-tools\node_modules\winston-transport\node_modules\readable-stream\lib\_stream_writable.js:381:5)
    at Writable.write (C:\Users\crash\AppData\Roaming\npm\node_modules\firebase-tools\node_modules\winston-transport\node_modules\readable-stream\lib\_stream_writable.js:302:11)
    at DerivedLogger.ondata (C:\Users\crash\AppData\Roaming\npm\node_modules\firebase-tools\node_modules\winston\node_modules\readable-stream\lib\_stream_readable.js:629:20)
[error] 
[error] Error: An unexpected error has occurred.
[debug] [2026-07-20T18:11:55.814Z] Error: EPIPE: broken pipe, write
    at Socket._write (node:internal/net:63:18)
    at writeOrBuffer (node:internal/streams/writable:572:12)
    at _write (node:internal/streams/writable:501:10)
    at Writable.write (node:internal/streams/writable:510:10)
    at Console.log (C:\Users\crash\AppData\Roaming\npm\node_modules\firebase-tools\node_modules\winston\lib\winston\transports\console.js:87:23)
    at Console._write (C:\Users\crash\AppData\Roaming\npm\node_modules\firebase-tools\node_modules\winston-transport\modern.js:103:17)
    at doWrite (C:\Users\crash\AppData\Roaming\npm\node_modules\firebase-tools\node_modules\winston-transport\node_modules\readable-stream\lib\_stream_writable.js:390:139)
    at writeOrBuffer (C:\Users\crash\AppData\Roaming\npm\node_modules\firebase-tools\node_modules\winston-transport\node_modules\readable-stream\lib\_stream_writable.js:381:5)
    at Writable.write (C:\Users\crash\AppData\Roaming\npm\node_modules\firebase-tools\node_modules\winston-transport\node_modules\readable-stream\lib\_stream_writable.js:302:11)
    at DerivedLogger.ondata (C:\Users\crash\AppData\Roaming\npm\node_modules\firebase-tools\node_modules\winston\node_modules\readable-stream\lib\_stream_readable.js:629:20)
[error] 
[error] Error: An unexpected error has occurred.
[debug] [2026-07-20T18:11:55.814Z] Error: EPIPE: broken pipe, write
    at Socket._write (node:internal/net:63:18)
    at writeOrBuffer (node:internal/streams/writable:572:12)
    at _write (node:internal/streams/writable:501:10)
    at Writable.write (node:internal/streams/writable:510:10)
    at Console.log (C:\Users\crash\AppData\Roaming\npm\node_modules\firebase-tools\node_modules\winston\lib\winston\transports\console.js:87:23)
    at Console._write (C:\Users\crash\AppData\Roaming\npm\node_modules\firebase-tools\node_modules\winston-transport\modern.js:103:17)
    at doWrite (C:\Users\crash\AppData\Roaming\npm\node_modules\firebase-tools\node_modules\winston-transport\node_modules\readable-stream\lib\_stream_writable.js:390:139)
    at writeOrBuffer (C:\Users\crash\AppData\Roaming\npm\node_modules\firebase-tools\node_modules\winston-transport\node_modules\readable-stream\lib\_stream_writable.js:381:5)
    at Writable.write (C:\Users\crash\AppData\Roaming\npm\node_modules\firebase-tools\node_modules\winston-transport\node_modules\readable-stream\lib\_stream_writable.js:302:11)
    at DerivedLogger.ondata (C:\Users\crash\AppData\Roaming\npm\node_modules\firebase-tools\node_modules\winston\node_modules\readable-stream\lib\_stream_readable.js:629:20)
[error] 
[error] Error: An unexpected error has occurred.
[debug] [2026-07-20T18:11:55.815Z] Error: EPIPE: broken pipe, write
    at Socket._write (node:internal/net:63:18)
    at writeOrBuffer (node:internal/streams/writable:572:12)
    at _write (node:internal/streams/writable:501:10)
    at Writable.write (node:internal/streams/writable:510:10)
    at Console.log (C:\Users\crash\AppData\Roaming\npm\node_modules\firebase-tools\node_modules\winston\lib\winston\transports\console.js:87:23)
    at Console._write (C:\Users\crash\AppData\Roaming\npm\node_modules\firebase-tools\node_modules\winston-transport\modern.js:103:17)
    at doWrite (C:\Users\crash\AppData\Roaming\npm\node_modules\firebase-tools\node_modules\winston-transport\node_modules\readable-stream\lib\_stream_writable.js:390:139)
    at writeOrBuffer (C:\Users\crash\AppData\Roaming\npm\node_modules\firebase-tools\node_modules\winston-transport\node_modules\readable-stream\lib\_stream_writable.js:381:5)
    at Writable.write (C:\Users\crash\AppData\Roaming\npm\node_modules\firebase-tools\node_modules\winston-transport\node_modules\readable-stream\lib\_stream_writable.js:302:11)
    at DerivedLogger.ondata (C:\Users\crash\AppData\Roaming\npm\node_modules\firebase-tools\node_modules\winston\node_modules\readable-stream\lib\_stream_readable.js:629:20)
[error] 
[error] Error: An unexpected error has occurred.
[debug] [2026-07-20T18:11:55.816Z] Error: EPIPE: broken pipe, write
    at Socket._write (node:internal/net:63:18)
    at writeOrBuffer (node:internal/streams/writable:572:12)
    at _write (node:internal/streams/writable:501:10)
    at Writable.write (node:internal/streams/writable:510:10)
    at Console.log (C:\Users\crash\AppData\Roaming\npm\node_modules\firebase-tools\node_modules\winston\lib\winston\transports\console.js:87:23)
    at Console._write (C:\Users\crash\AppData\Roaming\npm\node_modules\firebase-tools\node_modules\winston-transport\modern.js:103:17)
    at doWrite (C:\Users\crash\AppData\Roaming\npm\node_modules\firebase-tools\node_modules\winston-transport\node_modules\readable-stream\lib\_stream_writable.js:390:139)
    at writeOrBuffer (C:\Users\crash\AppData\Roaming\npm\node_modules\firebase-tools\node_modules\winston-transport\node_modules\readable-stream\lib\_stream_writable.js:381:5)
    at Writable.write (C:\Users\crash\AppData\Roaming\npm\node_modules\firebase-tools\node_modules\winston-transport\node_modules\readable-stream\lib\_stream_writable.js:302:11)
    at DerivedLogger.ondata (C:\Users\crash\AppData\Roaming\npm\node_modules\firebase-tools\node_modules\winston\node_modules\readable-stream\lib\_stream_readable.js:629:20)
[error] 
[error] Error: An unexpected error has occurred.
[debug] [2026-07-20T18:11:55.817Z] Error: EPIPE: broken pipe, write
    at Socket._write (node:internal/net:63:18)
    at writeOrBuffer (node:internal/streams/writable:572:12)
    at _write (node:internal/streams/writable:501:10)
    at Writable.write (node:internal/streams/writable:510:10)
    at Console.log (C:\Users\crash\AppData\Roaming\npm\node_modules\firebase-tools\node_modules\winston\lib\winston\transports\console.js:87:23)
    at Console._write (C:\Users\crash\AppData\Roaming\npm\node_modules\firebase-tools\node_modules\winston-transport\modern.js:103:17)
    at doWrite (C:\Users\crash\AppData\Roaming\npm\node_modules\firebase-tools\node_modules\winston-transport\node_modules\readable-stream\lib\_stream_writable.js:390:139)
    at writeOrBuffer (C:\Users\crash\AppData\Roaming\npm\node_modules\firebase-tools\node_modules\winston-transport\node_modules\readable-stream\lib\_stream_writable.js:381:5)
    at Writable.write (C:\Users\crash\AppData\Roaming\npm\node_modules\firebase-tools\node_modules\winston-transport\node_modules\readable-stream\lib\_stream_writable.js:302:11)
    at DerivedLogger.ondata (C:\Users\crash\AppData\Roaming\npm\node_modules\firebase-tools\node_modules\winston\node_modules\readable-stream\lib\_stream_readable.js:629:20)
[error] 
[error] Error: An unexpected error has occurred.
[debug] [2026-07-20T18:11:55.817Z] Error: EPIPE: broken pipe, write
    at Socket._write (node:internal/net:63:18)
    at writeOrBuffer (node:internal/streams/writable:572:12)
    at _write (node:internal/streams/writable:501:10)
    at Writable.write (node:internal/streams/writable:510:10)
    at Console.log (C:\Users\crash\AppData\Roaming\npm\node_modules\firebase-tools\node_modules\winston\lib\winston\transports\console.js:87:23)
    at Console._write (C:\Users\crash\AppData\Roaming\npm\node_modules\firebase-tools\node_modules\winston-transport\modern.js:103:17)
    at doWrite (C:\Users\crash\AppData\Roaming\npm\node_modules\firebase-tools\node_modules\winston-transport\node_modules\readable-stream\lib\_stream_writable.js:390:139)
    at writeOrBuffer (C:\Users\crash\AppData\Roaming\npm\node_modules\firebase-tools\node_modules\winston-transport\node_modules\readable-stream\lib\_stream_writable.js:381:5)
    at Writable.write (C:\Users\crash\AppData\Roaming\npm\node_modules\firebase-tools\node_modules\winston-transport\node_modules\readable-stream\lib\_stream_writable.js:302:11)
    at DerivedLogger.ondata (C:\Users\crash\AppData\Roaming\npm\node_modules\firebase-tools\node_modules\winston\node_modules\readable-stream\lib\_stream_readable.js:629:20)
[error] 
[error] Error: An unexpected error has occurred.
[debug] [2026-07-20T18:11:55.818Z] Error: EPIPE: broken pipe, write
    at Socket._write (node:internal/net:63:18)
    at writeOrBuffer (node:internal/streams/writable:572:12)
    at _write (node:internal/streams/writable:501:10)
    at Writable.write (node:internal/streams/writable:510:10)
    at Console.log (C:\Users\crash\AppData\Roaming\npm\node_modules\firebase-tools\node_modules\winston\lib\winston\transports\console.js:87:23)
    at Console._write (C:\Users\crash\AppData\Roaming\npm\node_modules\firebase-tools\node_modules\winston-transport\modern.js:103:17)
    at doWrite (C:\Users\crash\AppData\Roaming\npm\node_modules\firebase-tools\node_modules\winston-transport\node_modules\readable-stream\lib\_stream_writable.js:390:139)
    at writeOrBuffer (C:\Users\crash\AppData\Roaming\npm\node_modules\firebase-tools\node_modules\winston-transport\node_modules\readable-stream\lib\_stream_writable.js:381:5)
    at Writable.write (C:\Users\crash\AppData\Roaming\npm\node_modules\firebase-tools\node_modules\winston-transport\node_modules\readable-stream\lib\_stream_writable.js:302:11)
    at DerivedLogger.ondata (C:\Users\crash\AppData\Roaming\npm\node_modules\firebase-tools\node_modules\winston\node_modules\readable-stream\lib\_stream_readable.js:629:20)
[error] 
[error] Error: An unexpected error has occurred.
[debug] [2026-07-20T18:11:55.818Z] Error: EPIPE: broken pipe, write
    at Socket._write (node:internal/net:63:18)
    at writeOrBuffer (node:internal/streams/writable:572:12)
    at _write (node:internal/streams/writable:501:10)
    at Writable.write (node:internal/streams/writable:510:10)
    at Console.log (C:\Users\crash\AppData\Roaming\npm\node_modules\firebase-tools\node_modules\winston\lib\winston\transports\console.js:87:23)
    at Console._write (C:\Users\crash\AppData\Roaming\npm\node_modules\firebase-tools\node_modules\winston-transport\modern.js:103:17)
    at doWrite (C:\Users\crash\AppData\Roaming\npm\node_modules\firebase-tools\node_modules\winston-transport\node_modules\readable-stream\lib\_stream_writable.js:390:139)
    at writeOrBuffer (C:\Users\crash\AppData\Roaming\npm\node_modules\firebase-tools\node_modules\winston-transport\node_modules\readable-stream\lib\_stream_writable.js:381:5)
    at Writable.write (C:\Users\crash\AppData\Roaming\npm\node_modules\firebase-tools\node_modules\winston-transport\node_modules\readable-stream\lib\_stream_writable.js:302:11)
    at DerivedLogger.ondata (C:\Users\crash\AppData\Roaming\npm\node_modules\firebase-tools\node_modules\winston\node_modules\readable-stream\lib\_stream_readable.js:629:20)
[error] 
[error] Error: An unexpected error has occurred.
[debug] [2026-07-20T18:11:55.818Z] Error: EPIPE: broken pipe, write
    at Socket._write (node:internal/net:63:18)
    at writeOrBuffer (node:internal/streams/writable:572:12)
    at _write (node:internal/streams/writable:501:10)
    at Writable.write (node:internal/streams/writable:510:10)
    at Console.log (C:\Users\crash\AppData\Roaming\npm\node_modules\firebase-tools\node_modules\winston\lib\winston\transports\console.js:87:23)
    at Console._write (C:\Users\crash\AppData\Roaming\npm\node_modules\firebase-tools\node_modules\winston-transport\modern.js:103:17)
    at doWrite (C:\Users\crash\AppData\Roaming\npm\node_modules\firebase-tools\node_modules\winston-transport\node_modules\readable-stream\lib\_stream_writable.js:390:139)
    at writeOrBuffer (C:\Users\crash\AppData\Roaming\npm\node_modules\firebase-tools\node_modules\winston-transport\node_modules\readable-stream\lib\_stream_writable.js:381:5)
    at Writable.write (C:\Users\crash\AppData\Roaming\npm\node_modules\firebase-tools\node_modules\winston-transport\node_modules\readable-stream\lib\_stream_writable.js:302:11)
    at DerivedLogger.ondata (C:\Users\crash\AppData\Roaming\npm\node_modules\firebase-tools\node_modules\winston\node_modules\readable-stream\lib\_stream_readable.js:629:20)
[error] 
[error] Error: An unexpected error has occurred.
[debug] [2026-07-20T18:11:55.818Z] Error: EPIPE: broken pipe, write
    at Socket._write (node:internal/net:63:18)
    at writeOrBuffer (node:internal/streams/writable:572:12)
    at _write (node:internal/streams/writable:501:10)
    at Writable.write (node:internal/streams/writable:510:10)
    at Console.log (C:\Users\crash\AppData\Roaming\npm\node_modules\firebase-tools\node_modules\winston\lib\winston\transports\console.js:87:23)
    at Console._write (C:\Users\crash\AppData\Roaming\npm\node_modules\firebase-tools\node_modules\winston-transport\modern.js:103:17)
    at doWrite (C:\Users\crash\AppData\Roaming\npm\node_modules\firebase-tools\node_modules\winston-transport\node_modules\readable-stream\lib\_stream_writable.js:390:139)
    at writeOrBuffer (C:\Users\crash\AppData\Roaming\npm\node_modules\firebase-tools\node_modules\winston-transport\node_modules\readable-stream\lib\_stream_writable.js:381:5)
    at Writable.write (C:\Users\crash\AppData\Roaming\npm\node_modules\firebase-tools\node_modules\winston-transport\node_modules\readable-stream\lib\_stream_writable.js:302:11)
    at DerivedLogger.ondata (C:\Users\crash\AppData\Roaming\npm\node_modules\firebase-tools\node_modules\winston\node_modules\readable-stream\lib\_stream_readable.js:629:20)
[error] 
[debug] [2026-07-20T18:12:28.966Z] ----------------------------------------------------------------------
[debug] [2026-07-20T18:12:28.971Z] Command:       C:\Program Files\nodejs\node.exe C:\Users\crash\AppData\Roaming\npm\node_modules\firebase-tools\lib\bin\firebase.js deploy --only hosting
[debug] [2026-07-20T18:12:28.971Z] CLI Version:   15.24.0
[debug] [2026-07-20T18:12:28.972Z] Platform:      win32
[debug] [2026-07-20T18:12:28.972Z] Node Version:  v22.16.0
[debug] [2026-07-20T18:12:28.973Z] Detected Agent: codex_cli
[debug] [2026-07-20T18:12:28.974Z] Time:          Tue Jul 21 2026 01:12:28 GMT+0700 (Waktu Indonesia Barat)
[debug] [2026-07-20T18:12:28.975Z] ----------------------------------------------------------------------
[debug] 
[error] 
[error] Error: Not in a Firebase app directory (could not locate firebase.json)
